Nome/Dono;	URL;	Linguagem Primária;	Pull Requests Aceitas;	Releases;	Issues Fechadas;	Total de Issues;	Data de Criação;	Última Atualização;
shadowsocks/shadowsocks-windows;	https://github.com/shadowsocks/shadowsocks-windows;	C#;	211;	46;	2444;	2491;	2013-01-14T07:54:16Z;	2020-05-11T01:50:15Z;
CodeHubApp/CodeHub;	https://github.com/CodeHubApp/CodeHub;	C#;	13;	4;	387;	605;	2013-07-23T22:19:57Z;	2020-05-11T00:02:04Z;
PowerShell/PowerShell;	https://github.com/PowerShell/PowerShell;	C#;	4119;	69;	5033;	7425;	2016-01-13T23:41:35Z;	2020-05-11T01:25:40Z;
dotnet/aspnetcore;	https://github.com/dotnet/aspnetcore;	C#;	4712;	79;	13192;	15502;	2014-03-11T06:09:42Z;	2020-05-11T00:58:35Z;
Wox-launcher/Wox;	https://github.com/Wox-launcher/Wox;	C#;	220;	30;	1635;	2556;	2013-12-19T15:49:32Z;	2020-05-11T01:30:17Z;
0xd4d/dnSpy;	https://github.com/0xd4d/dnSpy;	C#;	47;	1;	1227;	1360;	2015-07-01T16:05:10Z;	2020-05-11T01:48:43Z;
mxgmn/WaveFunctionCollapse;	https://github.com/mxgmn/WaveFunctionCollapse;	C#;	17;	0;	33;	36;	2016-09-30T11:53:17Z;	2020-05-10T22:10:38Z;
dotnet-architecture/eShopOnContainers;	https://github.com/dotnet-architecture/eShopOnContainers;	C#;	285;	7;	796;	846;	2016-10-05T22:35:23Z;	2020-05-10T20:31:45Z;
dotnet/roslyn;	https://github.com/dotnet/roslyn;	C#;	18454;	40;	14893;	21827;	2015-01-11T02:39:03Z;	2020-05-10T23:48:59Z;
ShareX/ShareX;	https://github.com/ShareX/ShareX;	C#;	577;	64;	3648;	3978;	2013-10-08T23:32:10Z;	2020-05-10T11:22:38Z;
StackExchange/Dapper;	https://github.com/StackExchange/Dapper;	C#;	259;	0;	629;	969;	2011-04-14T08:42:59Z;	2020-05-10T14:00:35Z;
thangchung/awesome-dotnet-core;	https://github.com/thangchung/awesome-dotnet-core;	C#;	397;	0;	47;	57;	2016-03-17T03:52:09Z;	2020-05-11T01:45:39Z;
NickeManarin/ScreenToGif;	https://github.com/NickeManarin/ScreenToGif;	C#;	97;	50;	391;	531;	2016-08-02T01:28:59Z;	2020-05-11T00:44:35Z;
2dust/v2rayN;	https://github.com/2dust/v2rayN;	C#;	28;	44;	603;	720;	2019-07-30T03:47:24Z;	2020-05-11T01:36:40Z;
icsharpcode/ILSpy;	https://github.com/icsharpcode/ILSpy;	C#;	263;	39;	1443;	1594;	2011-02-04T11:24:20Z;	2020-05-11T00:25:48Z;
dotnet/efcore;	https://github.com/dotnet/efcore;	C#;	5996;	67;	12191;	13568;	2014-01-23T00:52:01Z;	2020-05-11T01:43:03Z;
MaterialDesignInXAML/MaterialDesignInXamlToolkit;	https://github.com/MaterialDesignInXAML/MaterialDesignInXamlToolkit;	C#;	572;	24;	857;	1125;	2015-02-07T23:30:48Z;	2020-05-10T19:34:34Z;
mono/mono;	https://github.com/mono/mono;	C#;	13060;	0;	2413;	4073;	2010-07-22T18:06:36Z;	2020-05-10T19:40:08Z;
AvaloniaUI/Avalonia;	https://github.com/AvaloniaUI/Avalonia;	C#;	1471;	19;	1473;	2161;	2013-12-05T20:13:21Z;	2020-05-10T15:29:44Z;
aspnetboilerplate/aspnetboilerplate;	https://github.com/aspnetboilerplate/aspnetboilerplate;	C#;	776;	201;	4363;	4533;	2013-08-18T20:45:08Z;	2020-05-11T01:17:19Z;
SignalR/SignalR;	https://github.com/SignalR/SignalR;	C#;	540;	30;	3408;	3470;	2011-07-22T03:52:19Z;	2020-05-10T19:15:53Z;
JamesNK/Newtonsoft.Json;	https://github.com/JamesNK/Newtonsoft.Json;	C#;	264;	62;	1366;	1781;	2012-02-18T07:30:28Z;	2020-05-10T15:47:00Z;
GoogleCloudPlatform/microservices-demo;	https://github.com/GoogleCloudPlatform/microservices-demo;	C#;	140;	0;	142;	148;	2018-08-03T18:32:18Z;	2020-05-10T23:02:15Z;
App-vNext/Polly;	https://github.com/App-vNext/Polly;	C#;	306;	25;	408;	422;	2013-05-05T04:40:04Z;	2020-05-10T23:28:37Z;
OpenRA/OpenRA;	https://github.com/OpenRA/OpenRA;	C#;	6639;	85;	6303;	7844;	2010-10-04T07:38:05Z;	2020-05-10T15:28:46Z;
dotnet/AspNetCore.Docs;	https://github.com/dotnet/AspNetCore.Docs;	C#;	8254;	31;	7939;	8436;	2014-12-19T17:38:02Z;	2020-05-11T01:51:21Z;
restsharp/RestSharp;	https://github.com/restsharp/RestSharp;	C#;	338;	19;	933;	957;	2009-11-16T02:01:45Z;	2020-05-10T19:04:12Z;
AutoMapper/AutoMapper;	https://github.com/AutoMapper/AutoMapper;	C#;	624;	34;	2477;	2483;	2010-02-06T15:17:58Z;	2020-05-11T01:06:59Z;
NancyFx/Nancy;	https://github.com/NancyFx/Nancy;	C#;	1297;	1;	1136;	1332;	2010-06-24T19:35:22Z;	2020-05-09T09:03:58Z;
cefsharp/CefSharp;	https://github.com/cefsharp/CefSharp;	C#;	522;	80;	2246;	2300;	2010-12-03T15:23:23Z;	2020-05-10T22:34:43Z;
dotnet/machinelearning;	https://github.com/dotnet/machinelearning;	C#;	2027;	21;	2176;	2605;	2018-05-03T16:20:42Z;	2020-05-10T20:46:12Z;
MahApps/MahApps.Metro;	https://github.com/MahApps/MahApps.Metro;	C#;	934;	32;	2448;	2527;	2011-10-16T04:16:10Z;	2020-05-10T17:54:23Z;
MonoGame/MonoGame;	https://github.com/MonoGame/MonoGame;	C#;	3125;	15;	2479;	3125;	2011-04-07T00:23:40Z;	2020-05-10T22:13:39Z;
Unity-Technologies/UnityCsReference;	https://github.com/Unity-Technologies/UnityCsReference;	C#;	0;	0;	0;	0;	2018-03-23T13:08:32Z;	2020-05-10T19:30:28Z;
felixse/FluentTerminal;	https://github.com/felixse/FluentTerminal;	C#;	237;	24;	350;	489;	2018-01-21T09:45:11Z;	2020-05-10T23:59:48Z;
chocolatey/choco;	https://github.com/chocolatey/choco;	C#;	61;	0;	1106;	1745;	2014-12-30T22:12:11Z;	2020-05-10T22:26:03Z;
dotnet/orleans;	https://github.com/dotnet/orleans;	C#;	3509;	93;	2175;	2684;	2014-12-19T14:32:50Z;	2020-05-10T19:52:41Z;
jellyfin/jellyfin;	https://github.com/jellyfin/jellyfin;	C#;	1016;	27;	1214;	1690;	2018-12-09T06:36:45Z;	2020-05-11T00:41:19Z;
IdentityServer/IdentityServer4;	https://github.com/IdentityServer/IdentityServer4;	C#;	581;	55;	3496;	3615;	2015-11-22T08:21:58Z;	2020-05-11T01:11:43Z;
JeffreySu/WeiXinMPSDK;	https://github.com/JeffreySu/WeiXinMPSDK;	C#;	1258;	41;	635;	735;	2013-01-11T13:52:44Z;	2020-05-10T23:46:46Z;
QL-Win/QuickLook;	https://github.com/QL-Win/QuickLook;	C#;	49;	36;	331;	587;	2017-04-12T14:57:38Z;	2020-05-11T00:31:35Z;
aspnet/Mvc;	https://github.com/aspnet/Mvc;	C#;	1673;	27;	5180;	5180;	2013-12-12T03:54:00Z;	2020-05-08T08:26:01Z;
HangfireIO/Hangfire;	https://github.com/HangfireIO/Hangfire;	C#;	233;	102;	797;	1255;	2013-08-06T09:43:04Z;	2020-05-11T01:12:33Z;
dotnet/csharplang;	https://github.com/dotnet/csharplang;	C#;	354;	0;	967;	2941;	2016-12-09T01:45:27Z;	2020-05-10T20:08:03Z;
reactiveui/ReactiveUI;	https://github.com/reactiveui/ReactiveUI;	C#;	1066;	137;	912;	1000;	2010-06-11T05:24:29Z;	2020-05-10T18:01:17Z;
microsoft/ailab;	https://github.com/microsoft/ailab;	C#;	42;	1;	16;	28;	2018-07-23T22:40:54Z;	2020-05-09T19:39:18Z;
bitwarden/server;	https://github.com/bitwarden/server;	C#;	85;	60;	457;	579;	2015-11-23T23:45:33Z;	2020-05-10T22:24:08Z;
Sonarr/Sonarr;	https://github.com/Sonarr/Sonarr;	C#;	387;	0;	2864;	3078;	2011-09-27T05:57:16Z;	2020-05-10T13:37:35Z;
FluentValidation/FluentValidation;	https://github.com/FluentValidation/FluentValidation;	C#;	194;	19;	1108;	1124;	2009-12-20T19:17:03Z;	2020-05-10T23:38:42Z;
dotnet/BenchmarkDotNet;	https://github.com/dotnet/BenchmarkDotNet;	C#;	405;	0;	833;	980;	2013-08-18T06:17:48Z;	2020-05-09T15:50:43Z;
JustArchiNET/ArchiSteamFarm;	https://github.com/JustArchiNET/ArchiSteamFarm;	C#;	771;	477;	949;	952;	2015-10-25T05:12:33Z;	2020-05-11T01:27:34Z;
microsoft/VFSForGit;	https://github.com/microsoft/VFSForGit;	C#;	717;	21;	453;	738;	2017-01-25T21:10:29Z;	2020-05-10T07:45:52Z;
duplicati/duplicati;	https://github.com/duplicati/duplicati;	C#;	779;	150;	2423;	3317;	2014-08-05T08:28:16Z;	2020-05-10T21:35:28Z;
ThreeMammals/Ocelot;	https://github.com/ThreeMammals/Ocelot;	C#;	389;	128;	454;	758;	2016-06-29T20:35:24Z;	2020-05-10T03:24:00Z;
dvf/blockchain;	https://github.com/dvf/blockchain;	C#;	20;	0;	59;	100;	2017-09-24T19:36:36Z;	2020-05-10T17:35:27Z;
mbdavid/LiteDB;	https://github.com/mbdavid/LiteDB;	C#;	169;	43;	1174;	1425;	2014-08-25T13:49:30Z;	2020-05-10T17:32:31Z;
gitextensions/gitextensions;	https://github.com/gitextensions/gitextensions;	C#;	2767;	40;	3971;	4829;	2008-12-06T09:18:59Z;	2020-05-10T22:19:10Z;
nopSolutions/nopCommerce;	https://github.com/nopSolutions/nopCommerce;	C#;	185;	32;	3892;	4227;	2014-04-09T05:47:50Z;	2020-05-11T01:40:03Z;
jbogard/MediatR;	https://github.com/jbogard/MediatR;	C#;	90;	11;	381;	388;	2014-03-03T15:01:22Z;	2020-05-11T01:02:20Z;
xupefei/Locale-Emulator;	https://github.com/xupefei/Locale-Emulator;	C#;	40;	35;	0;	0;	2013-03-17T13:51:51Z;	2020-05-10T12:35:29Z;
NLog/NLog;	https://github.com/NLog/NLog;	C#;	1436;	95;	2001;	2152;	2012-09-12T13:49:29Z;	2020-05-10T20:59:19Z;
ElectronNET/Electron.NET;	https://github.com/ElectronNET/Electron.NET;	C#;	65;	9;	295;	313;	2017-10-03T12:30:29Z;	2020-05-11T01:47:57Z;
hbons/SparkleShare;	https://github.com/hbons/SparkleShare;	C#;	198;	4;	1561;	1676;	2010-10-02T15:53:38Z;	2020-05-10T15:37:40Z;
dotnet/wpf;	https://github.com/dotnet/wpf;	C#;	1803;	20;	564;	1015;	2018-10-19T01:55:23Z;	2020-05-10T16:30:43Z;
xamarin/Xamarin.Forms;	https://github.com/xamarin/Xamarin.Forms;	C#;	3315;	185;	4108;	6392;	2016-03-18T15:52:03Z;	2020-05-11T01:35:59Z;
sschmid/Entitas-CSharp;	https://github.com/sschmid/Entitas-CSharp;	C#;	81;	108;	678;	827;	2014-03-18T16:36:44Z;	2020-05-09T22:56:46Z;
dotnet-architecture/eShopOnWeb;	https://github.com/dotnet-architecture/eShopOnWeb;	C#;	139;	0;	192;	199;	2017-02-28T02:39:37Z;	2020-05-10T17:52:18Z;
ardalis/CleanArchitecture;	https://github.com/ardalis/CleanArchitecture;	C#;	36;	0;	67;	75;	2016-09-30T14:19:20Z;	2020-05-10T19:45:28Z;
dotnet/reactive;	https://github.com/dotnet/reactive;	C#;	577;	34;	447;	480;	2013-09-03T22:33:51Z;	2020-05-10T03:40:04Z;
Jackett/Jackett;	https://github.com/Jackett/Jackett;	C#;	1471;	1082;	6689;	6956;	2015-10-29T16:23:19Z;	2020-05-11T00:47:09Z;
sschmid/Entitas-CSharp;	https://github.com/sschmid/Entitas-CSharp;	C#;	81;	108;	678;	827;	2014-03-18T16:36:44Z;	2020-05-09T22:56:46Z;
dotnet-architecture/eShopOnWeb;	https://github.com/dotnet-architecture/eShopOnWeb;	C#;	139;	0;	192;	199;	2017-02-28T02:39:37Z;	2020-05-10T17:52:18Z;
ardalis/CleanArchitecture;	https://github.com/ardalis/CleanArchitecture;	C#;	36;	0;	67;	75;	2016-09-30T14:19:20Z;	2020-05-10T19:45:28Z;
dotnet/reactive;	https://github.com/dotnet/reactive;	C#;	577;	34;	447;	480;	2013-09-03T22:33:51Z;	2020-05-10T03:40:04Z;
Jackett/Jackett;	https://github.com/Jackett/Jackett;	C#;	1471;	1082;	6689;	6956;	2015-10-29T16:23:19Z;	2020-05-11T00:47:09Z;
shadowsocksr-backup/shadowsocksr-csharp;	https://github.com/shadowsocksr-backup/shadowsocksr-csharp;	C#;	0;	1;	3;	9;	2017-07-27T14:46:22Z;	2020-05-10T01:41:28Z;
Redth/PushSharp;	https://github.com/Redth/PushSharp;	C#;	52;	4;	582;	747;	2012-06-08T17:52:47Z;	2020-05-10T03:04:42Z;
neuecc/UniRx;	https://github.com/neuecc/UniRx;	C#;	55;	25;	205;	351;	2014-03-20T12:23:28Z;	2020-05-11T01:25:47Z;
microsoft/msbuild;	https://github.com/microsoft/msbuild;	C#;	2239;	35;	1683;	2703;	2015-03-12T02:04:46Z;	2020-05-08T23:12:19Z;
mRemoteNG/mRemoteNG;	https://github.com/mRemoteNG/mRemoteNG;	C#;	215;	49;	889;	1459;	2010-01-06T15:53:17Z;	2020-05-11T00:59:15Z;
huiyadanli/RevokeMsgPatcher;	https://github.com/huiyadanli/RevokeMsgPatcher;	C#;	0;	8;	74;	90;	2019-07-21T15:12:52Z;	2020-05-10T15:43:13Z;
opserver/Opserver;	https://github.com/opserver/Opserver;	C#;	109;	0;	147;	202;	2013-10-15T12:31:34Z;	2020-05-10T14:26:33Z;
SixLabors/ImageSharp;	https://github.com/SixLabors/ImageSharp;	C#;	568;	8;	518;	554;	2016-10-28T04:46:36Z;	2020-05-10T16:36:40Z;
quartznet/quartznet;	https://github.com/quartznet/quartznet;	C#;	141;	34;	534;	661;	2010-12-30T16:29:27Z;	2020-05-09T06:21:11Z;
OrchardCMS/OrchardCore;	https://github.com/OrchardCMS/OrchardCore;	C#;	2150;	4;	2823;	3557;	2014-11-19T22:29:26Z;	2020-05-10T21:27:03Z;
accord-net/framework;	https://github.com/accord-net/framework;	C#;	145;	14;	1279;	1930;	2012-04-08T13:35:01Z;	2020-05-10T09:02:19Z;
HJLebbink/asm-dude;	https://github.com/HJLebbink/asm-dude;	C#;	6;	39;	80;	102;	2016-02-19T15:43:23Z;	2020-05-09T15:50:28Z;
OptiKey/OptiKey;	https://github.com/OptiKey/OptiKey;	C#;	246;	103;	301;	358;	2014-07-14T21:23:52Z;	2020-05-09T22:44:56Z;
dotnetcore/CAP;	https://github.com/dotnetcore/CAP;	C#;	73;	29;	459;	460;	2016-12-14T09:40:20Z;	2020-05-10T21:41:06Z;
PrismLibrary/Prism;	https://github.com/PrismLibrary/Prism;	C#;	539;	24;	1402;	1421;	2015-02-25T20:54:32Z;	2020-05-10T13:45:34Z;
huiyadanli/RevokeMsgPatcher;	https://github.com/huiyadanli/RevokeMsgPatcher;	C#;	0;	8;	74;	90;	2019-07-21T15:12:52Z;	2020-05-10T15:43:13Z;
opserver/Opserver;	https://github.com/opserver/Opserver;	C#;	109;	0;	147;	202;	2013-10-15T12:31:34Z;	2020-05-10T14:26:33Z;
SixLabors/ImageSharp;	https://github.com/SixLabors/ImageSharp;	C#;	568;	8;	518;	554;	2016-10-28T04:46:36Z;	2020-05-10T16:36:40Z;
quartznet/quartznet;	https://github.com/quartznet/quartznet;	C#;	141;	34;	534;	661;	2010-12-30T16:29:27Z;	2020-05-09T06:21:11Z;
OrchardCMS/OrchardCore;	https://github.com/OrchardCMS/OrchardCore;	C#;	2150;	4;	2823;	3557;	2014-11-19T22:29:26Z;	2020-05-10T21:27:03Z;
pojala/electrino;	https://github.com/pojala/electrino;	C#;	4;	0;	6;	21;	2017-05-02T14:26:49Z;	2020-05-10T04:38:13Z;
accord-net/framework;	https://github.com/accord-net/framework;	C#;	145;	14;	1279;	1930;	2012-04-08T13:35:01Z;	2020-05-10T09:02:19Z;
HJLebbink/asm-dude;	https://github.com/HJLebbink/asm-dude;	C#;	6;	39;	80;	102;	2016-02-19T15:43:23Z;	2020-05-09T15:50:28Z;
HearthSim/Hearthstone-Deck-Tracker;	https://github.com/HearthSim/Hearthstone-Deck-Tracker;	C#;	277;	274;	3161;	3618;	2014-05-29T18:44:12Z;	2020-05-10T05:57:18Z;
EventStore/EventStore;	https://github.com/EventStore/EventStore;	C#;	1133;	86;	903;	1069;	2012-09-17T17:22:49Z;	2020-05-09T06:00:39Z;
OptiKey/OptiKey;	https://github.com/OptiKey/OptiKey;	C#;	246;	103;	301;	358;	2014-07-14T21:23:52Z;	2020-05-09T22:44:56Z;
dotnetcore/CAP;	https://github.com/dotnetcore/CAP;	C#;	73;	29;	459;	460;	2016-12-14T09:40:20Z;	2020-05-10T21:41:06Z;
PrismLibrary/Prism;	https://github.com/PrismLibrary/Prism;	C#;	539;	24;	1402;	1421;	2015-02-25T20:54:32Z;	2020-05-10T13:45:34Z;
EduardoPires/EquinoxProject;	https://github.com/EduardoPires/EquinoxProject;	C#;	8;	0;	115;	133;	2016-12-14T04:36:58Z;	2020-05-10T20:04:29Z;
jasontaylordev/NorthwindTraders;	https://github.com/jasontaylordev/NorthwindTraders;	C#;	24;	0;	159;	205;	2016-10-11T10:52:28Z;	2020-05-10T20:11:28Z;
brandonlw/Psychson;	https://github.com/brandonlw/Psychson;	C#;	0;	1;	51;	216;	2014-09-26T15:32:24Z;	2020-05-08T19:58:29Z;
serilog/serilog;	https://github.com/serilog/serilog;	C#;	323;	11;	969;	997;	2013-02-14T11:44:03Z;	2020-05-09T16:44:20Z;
abpframework/abp;	https://github.com/abpframework/abp;	C#;	1050;	55;	2183;	2698;	2016-12-03T22:56:24Z;	2020-05-11T01:18:02Z;
aalhour/C-Sharp-Algorithms;	https://github.com/aalhour/C-Sharp-Algorithms;	C#;	57;	1;	35;	58;	2015-05-14T11:56:48Z;	2020-05-11T01:39:39Z;
MathewSachin/Captura;	https://github.com/MathewSachin/Captura;	C#;	207;	27;	171;	266;	2015-08-29T10:30:45Z;	2020-05-11T01:41:16Z;
Jimmey-Jiang/Common.Utility;	https://github.com/Jimmey-Jiang/Common.Utility;	C#;	3;	0;	13;	15;	2017-10-10T07:56:02Z;	2020-05-10T15:43:51Z;
win-acme/win-acme;	https://github.com/win-acme/win-acme;	C#;	202;	91;	1238;	1263;	2015-11-12T20:56:22Z;	2020-05-09T08:10:28Z;
Unity-Technologies/FPSSample;	https://github.com/Unity-Technologies/FPSSample;	C#;	0;	1;	25;	99;	2018-10-17T09:03:54Z;	2020-05-10T15:19:45Z;
akkadotnet/akka.net;	https://github.com/akkadotnet/akka.net;	C#;	2190;	51;	1509;	1823;	2013-12-29T14:17:38Z;	2020-05-09T23:40:44Z;
microsoft/ApplicationInspector;	https://github.com/microsoft/ApplicationInspector;	C#;	104;	37;	80;	91;	2019-10-07T20:30:29Z;	2020-05-10T23:11:17Z;
sta/websocket-sharp;	https://github.com/sta/websocket-sharp;	C#;	5;	0;	120;	526;	2010-10-18T12:51:34Z;	2020-05-11T00:56:55Z;
itinance/react-native-fs;	https://github.com/itinance/react-native-fs;	C#;	189;	36;	263;	603;	2015-05-08T17:04:15Z;	2020-05-10T18:17:59Z;
windows-toolkit/WindowsCommunityToolkit;	https://github.com/windows-toolkit/WindowsCommunityToolkit;	C#;	1201;	17;	1503;	1769;	2016-06-17T21:29:46Z;	2020-05-11T00:04:07Z;
react-native-community/react-native-linear-gradient;	https://github.com/react-native-community/react-native-linear-gradient;	C#;	105;	5;	246;	316;	2015-03-31T17:44:40Z;	2020-05-09T08:25:51Z;
QuantConnect/Lean;	https://github.com/QuantConnect/Lean;	C#;	2271;	8;	1436;	1691;	2014-11-28T04:20:19Z;	2020-05-10T20:20:39Z;
RicoSuter/NSwag;	https://github.com/RicoSuter/NSwag;	C#;	644;	314;	1261;	2086;	2015-09-02T19:11:57Z;	2020-05-10T20:58:02Z;
microsoft/MixedRealityToolkit-Unity;	https://github.com/microsoft/MixedRealityToolkit-Unity;	C#;	3446;	40;	3422;	3904;	2016-01-28T18:54:58Z;	2020-05-10T21:03:23Z;
moq/moq4;	https://github.com/moq/moq4;	C#;	364;	0;	554;	572;	2012-03-11T21:09:02Z;	2020-05-10T20:30:42Z;
Unity-Technologies/EntityComponentSystemSamples;	https://github.com/Unity-Technologies/EntityComponentSystemSamples;	C#;	0;	0;	128;	142;	2018-03-17T08:56:44Z;	2020-05-09T22:55:57Z;
migueldeicaza/gui.cs;	https://github.com/migueldeicaza/gui.cs;	C#;	94;	0;	144;	257;	2017-12-11T03:23:45Z;	2020-05-10T12:12:00Z;
microsoft/VisualStudioUninstaller;	https://github.com/microsoft/VisualStudioUninstaller;	C#;	22;	5;	44;	86;	2015-09-19T00:36:01Z;	2020-05-10T16:47:15Z;
egametang/ET;	https://github.com/egametang/ET;	C#;	44;	0;	55;	62;	2010-06-27T15:50:52Z;	2020-05-10T17:32:31Z;
dotnet-state-machine/stateless;	https://github.com/dotnet-state-machine/stateless;	C#;	100;	0;	215;	239;	2014-08-15T19:57:39Z;	2020-05-10T18:54:18Z;
jstedfast/MailKit;	https://github.com/jstedfast/MailKit;	C#;	47;	0;	935;	936;	2013-12-07T04:07:06Z;	2020-05-10T14:31:42Z;
xamarin/xamarin-forms-samples;	https://github.com/xamarin/xamarin-forms-samples;	C#;	195;	1216;	326;	342;	2014-04-27T20:42:11Z;	2020-05-10T22:02:40Z;
Unity-Technologies/PostProcessing;	https://github.com/Unity-Technologies/PostProcessing;	C#;	127;	9;	430;	726;	2016-10-10T07:01:21Z;	2020-05-10T07:31:45Z;
AngleSharp/AngleSharp;	https://github.com/AngleSharp/AngleSharp;	C#;	186;	23;	641;	650;	2013-06-05T12:05:34Z;	2020-05-10T14:34:35Z;
dotnetcore/Util;	https://github.com/dotnetcore/Util;	C#;	27;	0;	38;	38;	2017-07-05T09:00:23Z;	2020-05-10T14:33:55Z;
Topshelf/Topshelf;	https://github.com/Topshelf/Topshelf;	C#;	74;	0;	349;	420;	2010-07-16T13:28:06Z;	2020-05-06T13:39:08Z;
MvvmCross/MvvmCross;	https://github.com/MvvmCross/MvvmCross;	C#;	1449;	24;	1757;	1967;	2011-11-28T22:45:55Z;	2020-05-10T18:04:41Z;
HMBSbige/ShadowsocksR-Windows;	https://github.com/HMBSbige/ShadowsocksR-Windows;	C#;	12;	33;	0;	0;	2018-04-19T04:53:38Z;	2020-05-11T01:12:24Z;
domaindrivendev/Swashbuckle.AspNetCore;	https://github.com/domaindrivendev/Swashbuckle.AspNetCore;	C#;	211;	18;	1092;	1304;	2015-03-16T05:49:00Z;	2020-05-10T23:15:43Z;
aspnet/JavaScriptServices;	https://github.com/aspnet/JavaScriptServices;	C#;	101;	2;	1470;	1470;	2015-11-02T01:24:11Z;	2020-05-10T09:10:18Z;
ExtendRealityLtd/VRTK;	https://github.com/ExtendRealityLtd/VRTK;	C#;	739;	12;	1055;	1091;	2016-04-23T20:55:19Z;	2020-05-10T06:16:08Z;
quasar/QuasarRAT;	https://github.com/quasar/QuasarRAT;	C#;	166;	9;	404;	541;	2014-07-08T12:27:59Z;	2020-05-10T23:59:26Z;
udacity/self-driving-car-sim;	https://github.com/udacity/self-driving-car-sim;	C#;	3;	11;	68;	111;	2017-02-08T03:31:26Z;	2020-05-10T17:08:51Z;
JanKallman/EPPlus;	https://github.com/JanKallman/EPPlus;	C#;	15;	3;	142;	522;	2017-07-12T06:59:15Z;	2020-05-10T18:42:57Z;
intel/acat;	https://github.com/intel/acat;	C#;	0;	6;	8;	58;	2015-02-17T22:36:34Z;	2020-05-08T21:13:31Z;
TheBerkin/rant;	https://github.com/TheBerkin/rant;	C#;	36;	2;	77;	86;	2014-08-03T22:21:51Z;	2020-05-10T22:29:31Z;
autofac/Autofac;	https://github.com/autofac/Autofac;	C#;	97;	29;	952;	974;	2014-01-22T12:53:28Z;	2020-05-10T11:44:57Z;
louthy/language-ext;	https://github.com/louthy/language-ext;	C#;	206;	67;	480;	516;	2014-11-16T23:49:58Z;	2020-05-10T11:30:59Z;
neo-project/neo;	https://github.com/neo-project/neo;	C#;	610;	1;	601;	721;	2015-05-31T17:02:33Z;	2020-05-11T00:13:59Z;
dotnet/standard;	https://github.com/dotnet/standard;	C#;	952;	5;	659;	738;	2016-08-31T20:27:23Z;	2020-05-09T03:49:39Z;
Fody/Fody;	https://github.com/Fody/Fody;	C#;	286;	113;	521;	524;	2012-07-07T01:15:56Z;	2020-05-11T01:10:17Z;
VsVim/VsVim;	https://github.com/VsVim/VsVim;	C#;	552;	10;	2066;	2224;	2009-11-29T01:59:00Z;	2020-05-10T11:46:59Z;
umbraco/Umbraco-CMS;	https://github.com/umbraco/Umbraco-CMS;	C#;	4293;	1;	1999;	2530;	2013-06-10T13:50:46Z;	2020-05-10T02:57:28Z;
StockSharp/StockSharp;	https://github.com/StockSharp/StockSharp;	C#;	197;	50;	0;	0;	2014-12-08T07:53:44Z;	2020-05-10T17:46:00Z;
bchavez/Bogus;	https://github.com/bchavez/Bogus;	C#;	103;	96;	173;	175;	2015-06-06T18:28:14Z;	2020-05-11T01:12:35Z;
protobuf-net/protobuf-net;	https://github.com/protobuf-net/protobuf-net;	C#;	128;	1;	185;	460;	2014-06-16T09:05:30Z;	2020-05-10T21:59:00Z;
migueldeicaza/TensorFlowSharp;	https://github.com/migueldeicaza/TensorFlowSharp;	C#;	76;	0;	197;	371;	2017-01-16T04:18:28Z;	2020-05-10T00:28:11Z;
Accelerider/BaiduPanDownloadWinform;	https://github.com/Accelerider/BaiduPanDownloadWinform;	C#;	4;	8;	61;	132;	2016-10-06T06:36:08Z;	2020-05-09T06:10:13Z;
domaindrivendev/Swashbuckle;	https://github.com/domaindrivendev/Swashbuckle;	C#;	102;	5;	883;	1178;	2013-06-18T00:04:27Z;	2020-05-08T10:34:35Z;
kgrzybek/modular-monolith-with-ddd;	https://github.com/kgrzybek/modular-monolith-with-ddd;	C#;	16;	0;	27;	46;	2019-08-23T00:12:03Z;	2020-05-10T23:27:48Z;
fanliang11/surging;	https://github.com/fanliang11/surging;	C#;	33;	3;	108;	326;	2017-06-16T13:17:30Z;	2020-05-10T12:40:36Z;
Azure/DotNetty;	https://github.com/Azure/DotNetty;	C#;	169;	8;	204;	317;	2015-05-08T16:41:53Z;	2020-05-09T17:00:28Z;
sunkaixuan/SqlSugar;	https://github.com/sunkaixuan/SqlSugar;	C#;	18;	50;	479;	651;	2015-07-13T05:07:40Z;	2020-05-10T15:43:22Z;
ClusterM/hakchi2;	https://github.com/ClusterM/hakchi2;	C#;	47;	17;	1078;	1392;	2017-01-07T16:18:09Z;	2020-05-09T17:39:56Z;
randyrants/sharpkeys;	https://github.com/randyrants/sharpkeys;	C#;	8;	5;	235;	248;	2017-04-12T15:33:02Z;	2020-05-10T21:05:33Z;
JoshClose/CsvHelper;	https://github.com/JoshClose/CsvHelper;	C#;	78;	0;	1141;	1328;	2009-12-30T04:27:46Z;	2020-05-10T01:49:03Z;
KeenSoftwareHouse/SpaceEngineers;	https://github.com/KeenSoftwareHouse/SpaceEngineers;	C#;	83;	0;	80;	229;	2015-05-13T14:50:13Z;	2020-05-10T14:41:19Z;
elastic/elasticsearch-net;	https://github.com/elastic/elasticsearch-net;	C#;	1934;	136;	2444;	2520;	2010-09-27T13:55:00Z;	2020-05-09T08:26:51Z;
MassTransit/MassTransit;	https://github.com/MassTransit/MassTransit;	C#;	463;	0;	1006;	1017;	2010-07-16T13:21:43Z;	2020-05-10T20:33:52Z;
dotnet/corert;	https://github.com/dotnet/corert;	C#;	6259;	0;	1174;	1471;	2015-09-15T23:10:53Z;	2020-05-10T15:06:06Z;
simplcommerce/SimplCommerce;	https://github.com/simplcommerce/SimplCommerce;	C#;	260;	3;	476;	560;	2016-05-21T13:43:01Z;	2020-05-10T20:50:20Z;
playgameservices/play-games-plugin-for-unity;	https://github.com/playgameservices/play-games-plugin-for-unity;	C#;	164;	12;	2086;	2650;	2013-12-09T22:55:07Z;	2020-05-10T22:04:34Z;
ferventdesert/Hawk;	https://github.com/ferventdesert/Hawk;	C#;	4;	5;	56;	120;	2016-04-02T07:54:41Z;	2020-05-09T11:41:34Z;
openhardwaremonitor/openhardwaremonitor;	https://github.com/openhardwaremonitor/openhardwaremonitor;	C#;	14;	0;	440;	1204;	2015-08-23T21:32:54Z;	2020-05-11T01:39:15Z;
neuecc/MessagePack-CSharp;	https://github.com/neuecc/MessagePack-CSharp;	C#;	261;	42;	559;	597;	2017-02-13T00:58:41Z;	2020-05-10T20:55:28Z;
googlevr/gvr-unity-sdk;	https://github.com/googlevr/gvr-unity-sdk;	C#;	0;	37;	973;	1032;	2014-12-09T23:06:54Z;	2020-05-09T15:30:50Z;
aspnet/KestrelHttpServer;	https://github.com/aspnet/KestrelHttpServer;	C#;	1153;	26;	1458;	1458;	2014-05-30T22:46:28Z;	2020-05-01T23:13:02Z;
dotnet/winforms;	https://github.com/dotnet/winforms;	C#;	2104;	17;	635;	895;	2018-10-19T01:54:02Z;	2020-05-10T15:10:49Z;
yck1509/ConfuserEx;	https://github.com/yck1509/ConfuserEx;	C#;	22;	12;	318;	616;	2014-03-28T07:00:26Z;	2020-05-11T01:44:46Z;
marian42/wavefunctioncollapse;	https://github.com/marian42/wavefunctioncollapse;	C#;	3;	1;	7;	10;	2018-10-25T21:48:08Z;	2020-05-10T11:22:31Z;
naudio/NAudio;	https://github.com/naudio/NAudio;	C#;	75;	6;	314;	525;	2015-02-15T15:08:03Z;	2020-05-11T00:28:32Z;
Codeusa/Borderless-Gaming;	https://github.com/Codeusa/Borderless-Gaming;	C#;	39;	36;	227;	417;	2014-01-11T08:02:50Z;	2020-05-10T21:04:11Z;
projectkudu/kudu;	https://github.com/projectkudu/kudu;	C#;	690;	3;	1519;	2027;	2011-06-23T05:36:20Z;	2020-05-08T18:59:18Z;
microsoft/microsoft-ui-xaml;	https://github.com/microsoft/microsoft-ui-xaml;	C#;	758;	34;	783;	1594;	2018-07-26T18:45:29Z;	2020-05-10T15:00:35Z;
praeclarum/sqlite-net;	https://github.com/praeclarum/sqlite-net;	C#;	122;	7;	383;	712;	2011-04-26T17:33:28Z;	2020-05-10T18:47:34Z;
MediaBrowser/Emby;	https://github.com/MediaBrowser/Emby;	C#;	1803;	184;	1421;	1534;	2013-02-16T04:40:34Z;	2020-05-10T10:40:01Z;
mono/monodevelop;	https://github.com/mono/monodevelop;	C#;	6837;	0;	982;	1537;	2010-07-22T16:09:08Z;	2020-05-09T09:14:42Z;
cake-build/cake;	https://github.com/cake-build/cake;	C#;	945;	103;	1211;	1555;	2014-05-23T09:26:54Z;	2020-05-10T14:08:15Z;
studyzy/imewlconverter;	https://github.com/studyzy/imewlconverter;	C#;	6;	16;	112;	127;	2012-04-12T04:03:25Z;	2020-05-11T01:07:12Z;
xunit/xunit;	https://github.com/xunit/xunit;	C#;	147;	14;	1497;	1745;	2013-05-06T16:37:13Z;	2020-05-10T21:03:00Z;
picoe/Eto;	https://github.com/picoe/Eto;	C#;	606;	12;	763;	1012;	2011-06-02T05:40:38Z;	2020-05-08T18:45:58Z;
microsoft/BotBuilder-Samples;	https://github.com/microsoft/BotBuilder-Samples;	C#;	1147;	1;	868;	927;	2016-09-20T16:17:28Z;	2020-05-09T20:06:32Z;
dotnetcore/DotnetSpider;	https://github.com/dotnetcore/DotnetSpider;	C#;	37;	15;	100;	108;	2016-03-21T03:37:32Z;	2020-05-10T21:53:09Z;
TGSAN/CMWTAT_Digital_Edition;	https://github.com/TGSAN/CMWTAT_Digital_Edition;	C#;	1;	7;	7;	8;	2018-05-27T13:45:02Z;	2020-05-10T21:59:03Z;
File-New-Project/EarTrumpet;	https://github.com/File-New-Project/EarTrumpet;	C#;	21;	8;	336;	453;	2015-07-11T08:43:37Z;	2020-05-10T15:27:46Z;
ravendb/ravendb;	https://github.com/ravendb/ravendb;	C#;	9325;	0;	400;	400;	2010-03-02T11:05:30Z;	2020-05-09T06:02:57Z;
microsoft/Git-Credential-Manager-for-Windows;	https://github.com/microsoft/Git-Credential-Manager-for-Windows;	C#;	420;	38;	358;	427;	2015-09-14T15:22:26Z;	2020-05-10T16:57:13Z;
dotnet/runtime;	https://github.com/dotnet/runtime;	C#;	2983;	2;	26865;	32460;	2019-09-24T23:36:39Z;	2020-05-11T01:46:36Z;
kerryjiang/SuperSocket;	https://github.com/kerryjiang/SuperSocket;	C#;	25;	1;	185;	293;	2012-08-04T17:48:39Z;	2020-05-11T00:30:04Z;
davidfowl/AspNetCoreDiagnosticScenarios;	https://github.com/davidfowl/AspNetCoreDiagnosticScenarios;	C#;	31;	0;	10;	24;	2018-10-10T05:59:35Z;	2020-05-10T21:49:25Z;
aspnet/SignalR;	https://github.com/aspnet/SignalR;	C#;	1372;	1;	1659;	1659;	2016-10-17T16:39:15Z;	2020-05-10T17:22:45Z;
JosefNemec/Playnite;	https://github.com/JosefNemec/Playnite;	C#;	146;	84;	1180;	1592;	2017-03-25T19:16:06Z;	2020-05-10T13:55:34Z;
