login do usuario avaliado;Quantidade de reações nas issues;Popularidade do repositório;Média de watchers
wkentaro;19.82;1.58
wuhaoyu1990;2435.50;111.00
daliansky;149.86;10.32
rui314;280.73;16.15;0
scrooloose;509.47;13.43;0
edvin;86.20;6.80;0
spring-media;0;0;0
konvajs;0;0;0
rexxars;4.01;1.01;0
doyoe;257.42;26.17;0
oscarknagg;86.75;4.00;0
supersheep;5.58;1.51;0
nacos-group;0;0;0
roc-project;0;0;0
tirthajyoti;94.57;8.33;0
jekyll;0;0;0
aozhimin;36.70;2.36;0
wemake-services;0;0;0
ehrishirajsharma;163.50;12.00;0
tanglang96;32.40;1.24;0
martinwells;56.80;9.90;0
vuejs;0;0;0
fuzheng0301;48.78;2.94;0
fishwjy;208.33;7.89;0
kvalle;9.67;1.77;0
CppKorea;0;0;0
squeryl;0;0;0
alexjlockwood;210.13;6.20;0
QuiteRSS;0;0;0
im-js;0;0;0
georgd;27.00;3.81;0
gcr;11.37;2.29;0
boy-hack;115.27;5.22;0
feichtenhofer;160.60;18.00;0
onnx;0;0;0
PrimaryFeather;36.00;5.00;0
dcoker;195.79;7.86;0
engintron;0;0;0
mansimov;62.88;4.75;0
wireghoul;44.02;3.83;0
guyht;58.03;3.29;0
rwynn;35.67;3.00;0
iwannabetop;0;0;0
pukhalski;58.20;3.40;0
ebryn;15.80;3.90;0
JamieMason;577.24;23.31;0
adafruit;0;0;0
everettjf;69.18;3.61;0
renkun-ken;11.15;1.84;0
benas;327.33;24.53;0
ushahidi;0;0;0
DSheirer;116.40;22.20;0
nitinhayaran;24.59;2.59;0
zasdfgbnm;12.87;1.43;0
jasmine;0;0;0
hellock;219.67;11.50;0
myinnos;38.58;2.15;0
jadell;25.56;3.04;0
rustwasm;0;0;0
Edgarware;137.00;12.00;0
aacebedo;27.17;2.17;0
henryr;32.97;3.16;0
giltene;138.75;7.92;0
scf4;14.86;1.02;0
EddieLa;271.00;30.00;0
projectacrn;0;0;0
pauldowman;34.66;1.66;0
gamaral;45.53;6.00;0
cbovis;53.67;5.17;0
electricsquare;0;0;0
Nition;176.75;18.75;0
dozoisch;64.20;2.30;0
denysdovhan;358.99;8.93;0
abiaad;101.57;4.43;0
Bashfuscator;0;0;0
mna;21.63;1.90;0
aikoven;1461.98;33.11;0
agragregra;213.00;45.00;0
armcha;153.19;5.00;0
rbgirshick;714.18;46.55;0
oblador;447.78;7.92;0
rezasp;143.36;12.91;0
gemrb;0;0;0
digitalocean;0;0;0
rgleichman;17.41;2.14;0
daft-dev;0;0;0
ElmCast;0;0;0
srigalibe;142.75;8.75;0
murarth;42.78;2.10;0
careermonk;157.44;27.67;0
GPUOpen-Archive;0;0;0
badoualy;266.42;8.75;0
andyholmes;84.95;4.58;0
ahangchen;6.38;1.21;0
osm-search;0;0;0
prometheus;0;0;0
ZHENFENG13;342.26;18.06;0
MatejKustec;238.83;6.83;0
coduo;0;0;0
dulwich;0;0;0
stripe;0;0;0
scotty-web;0;0;0
Homebrew;0;0;0
webpack-contrib;0;0;0
Tencent;0;0;0
dotnet;0;0;0
circus-tent;0;0;0
mobxjs;0;0;0
embulk;0;0;0
l-lin;45.47;3.59;0
zurb;0;0;0
cleanbrowsing;716.00;31.00;0
clowwindy;118.49;11.74;0
Komodo;0;0;0
VeerHan;3.41;1.02;0
jhen0409;80.93;2.09;0
luke8086;36.71;1.57;0
thebigmunch;29.31;2.62;0
inolen;623.21;23.61;0
explosion;0;0;0
tsasioglu;18.00;2.86;0
uoip;83.56;4.44;0
Akryum;75.11;3.77;0
eerimoq;24.73;3.03;0
AriaLyy;139.07;4.48;0
hashcat;0;0;0
oscarpilote;242.00;48.00;0
vlad-ignatov;12.31;3.38;0
zoom;0;0;0
puikinsh;1601.33;107.30;0
etianen;180.12;9.24;0
brad-sp;73.75;20.50;0
WorldDownTown;74.87;2.21;0
piotrwitek;292.66;5.96;0
stuartsierra;54.40;2.46;0
Icinga;0;0;0
sbebo;5.11;1.24;0
react-component;0;0;0
jziolkowski;61.00;6.50;0
daimajia;681.12;32.28;0
Ignitetechnologies;188.80;15.30;0
OkunaOrg;0;0;0
angelozerr;8.20;2.02;0
coregear;6.05;1.86;0
LynnHo;84.39;5.11;0
travs;11.22;2.29;0
WenmuZhou;27.73;2.49;0
adafruit;0;0;0
stephanmax;7.82;1.37;0
ui-storybook;0;0;0
tagspace;30.25;1.25;0
jhen0409;80.93;2.09;0
ActionKit;0;0;0
extensibleweb;0;0;0
teacat;0;0;0
radcortez;5.21;1.60;0
hemin1003;3.03;1.04;0
kapetan;16.55;2.05;0
bgshih;154.35;9.12;0
nohana;0;0;0
openimaj;0;0;0
netguru;0;0;0
fossasia;0;0;0
structurizr;0;0;0
Jaguar-dart;0;0;0
ionic-team;0;0;0
yuudi;34.86;1.57;0
mesosphere;0;0;0
osnr;51.27;4.54;0
palkan;70.26;3.10;0
dave;29.86;2.01;0
amiechen;47.56;3.08;0
invicnaper;9.03;1.65;0
ahmadnassri;11.13;1.65;0
dxjia;14.15;1.82;0
mirumee;0;0;0
erikdubois;19.93;2.88;0
keijiro;72.24;5.28;0
jblindsay;40.63;5.53;0
spacehuhn;292.19;23.83;0
EvandroLG;5.28;1.33;0
briano1905;24.40;0.60;0
soskek;25.39;1.63;0
sebastiencs;12.90;1.77;0
mobiwiseco;0;0;0
tpope;826.61;21.79;0
laispace;15.82;1.88;0
g200kg;21.35;3.09;0
markzhai;240.27;9.71;0
delight-im;0;0;0
stereobooster;35.84;1.35;0
egoist;127.96;3.45;0
ToniA;21.05;6.14;0
cnluzhang;60.50;5.75;0
ThomasLengeling;0.57;1.64;0
playframework;0;0;0
tommeagher;16.61;2.33;0
bitcraft;15.46;2.59;0
gregnb;87.88;2.80;0
wp-premium;0;0;0
ge0y;0;0;0
ManiacalLabs;0;0;0
Hood3dRob1n;24.40;4.09;0
mozilla;0;0;0
inconvergent;51.62;2.34;0
aptana;0;0;0
component-driven;0;0;0
vipshop;0;0;0
makelove;63.67;3.70;0
zlai0;83.29;10.43;0
TobiasBg;35.14;4.00;0
zma-c-137;242.00;31.00;0
Project-Platypus;0;0;0
KaiyuYue;40.67;1.50;0
andrewngu;618.38;18.38;0
googleapis;0;0;0
RUB-NDS;0;0;0
SamPutnam;41.65;1.39;0
AndrewBelt;144.59;10.39;0
javascript-tutorial;0;0;0
facebookresearch;0;0;0
openvswitch;0;0;0
cocktails-for-programmers;0;0;0
epicmaxco;0;0;0
swannodette;28.22;2.95;0
mingrammer;53.41;1.60;0
nitin42;104.03;2.28;0
sorbet;0;0;0
mzgoddard;25.25;1.72;0
MikeOrtiz;447.20;25.00;0
manrajgrover;25.36;1.25;0
inossidabile;41.80;3.22;0
facebookarchive;0;0;0
A-gambit;145.43;7.90;0
dwyl;0;0;0
luocheng;49.00;5.57;0
jcoglan;34.46;3.36;0
CoinCheung;30.59;0.66;0
axibase;0;0;0
hashrocket;0;0;0
spagnuolocarmine;14.44;4.44;0
ReactVT;0;0;0
HIPS;0;0;0
MyScript;0;0;0
phoenixwong;53.00;2.57;0
jimmynicol;18.79;2.05;0
antonkrasov;81.71;6.41;0
cwilso;83.93;11.43;0
pablobarbera;44.19;7.25;0
grow;0;0;0
albeebe;41.50;5.70;0
tejacques;373.35;9.72;0
vibertthio;8.64;1.49;0
GothicAi;37.70;1.60;0
SaikrishnaReddy1919;6.44;0.79;0
ryansmcgee;69.60;5.60;0
sathishmscict;0.00;0.15;0
jverkoey;191.66;10.10;0
urlgrey;7.98;2.53;0
KrisSiegel;30.82;2.00;0
nkbt;237.05;5.76;0
HHuiHao;124.25;6.50;0
ljqloveyou123;268.00;7.67;0
NationalSecurityAgency;0;0;0
kitten;151.84;5.49;0
pecigonzalo;0.27;0.63;0
laravel-notification-channels;0;0;0
DominicMaas;52.00;8.29;0
zhaozhentao;60.42;3.42;0
kbrw;0;0;0
bbecquet;21.69;2.49;0
jirutka;7.58;1.10;0
vanhoefm;89.89;11.02;0
hurley25;37.65;5.49;0
francoislg;6.70;2.53;0
akanazawa;107.19;7.48;0
ugik;11.73;2.42;0
snwfdhmp;4.80;0.79;0
kevinzakka;207.18;14.24;0
Samsung;0;0;0
chris-belcher;61.67;7.75;0
aydinnyunus;16.61;2.00;0
mercadolibre;0;0;0
dandv;0.11;0.16;0
codrops;0;0;0
delight-im;0;0;0
bitpay;0;0;0
coderholic;55.16;4.20;0
sdaschner;8.44;2.34;0
rshevchuk;260.00;9.50;0
JuliaImages;0;0;0
crazy-max;28.05;2.43;0
nervetattoo;17.18;1.76;0
pfalcon;50.38;7.17;0
mojeda;27.50;4.86;0
haifenghuang;4.31;1.13;0
chinchang;190.88;6.86;0
Erudika;0;0;0
Ch00k;5.54;1.29;0
gliderlabs;0;0;0
iipc;0;0;0
christianmalek;11.85;1.70;0
taisei-project;0;0;0
gilyes;45.78;3.33;0
widdix;0;0;0
avelino;617.68;31.30;0
hyeonseobnam;162.80;13.40;0
superjamie;44.13;10.07;0
vstinner;79.56;8.27;0
dfm;3.15;1.57;0
Coding;0;0;0
Kiarash-Z;29.43;1.14;0
Nightbringer21;339.00;22.00;0
MLSDev;0;0;0
datacleaner;0;0;0
LeonidasEsteban;23.24;2.19;0
grand-stack;0;0;0
rprichard;323.87;28.35;0
influxdata;0;0;0
jkup;43.09;2.53;0
morninj;9.34;1.34;0
martincarrera;21.68;3.92;0
dzt;14.14;4.53;0
googlefonts;0;0;0
prerender;0;0;0
pownjs;0;0;0
gimli-rs;0;0;0
cviebrock;55.64;3.01;0
saprykin;39.00;4.89;0
meteor;0;0;0
leetenki;14.41;2.07;0
Countly;0;0;0
lennylxx;426.45;37.64;0
Swiftam;13.86;3.10;0
ScrumDoLLC;0;0;0
DLTech21;3.44;1.02;0
felixhageloh;83.05;4.16;0
yangchong211;272.78;8.08;0
jreznot;6.42;0.66;0
rachelandrew;205.59;17.41;0
thatbrguy;24.53;1.47;0
SummerRC;9.63;1.67;0
minetsh;32.00;1.51;0
keepassium;141.50;13.00;0
larstvei;24.35;2.28;0
pointhi;7.53;1.70;0
kataras;340.22;14.21;0
RaveJS;0;0;0
jbutko;44.82;3.29;0
1000hz;84.81;4.88;0
barak;2.40;2.12;0
arnetheduck;19.11;3.00;0
bootphon;0;0;0
interpretml;0;0;0
asticode;62.60;4.14;0
jbogard;224.84;22.26;0
nfarina;107.04;9.96;0
mimblewimble;0;0;0
kelseyhightower;519.47;11.40;0
DuinoDu;6.40;1.35;0
huangjianke;176.52;3.86;0
DroneBridge;0;0;0
deepgully;25.75;5.58;0
dxxzst;11.76;1.97;0
openshift;0;0;0
reasonml;0;0;0
DavBfr;8.84;1.42;0
Esri;0;0;0
pkainulainen;103.30;15.70;0
dathlin;67.13;8.65;0
recruit-lifestyle;0;0;0
Aevit;7.63;1.72;0
bramstein;93.16;6.06;0
nrwl;0;0;0
Crab2died;16.47;1.37;0
paultuckey;36.78;4.22;0
python-excel;0;0;0
tomighty;0;0;0
mkorpela;19.19;3.26;0
trentm;68.26;2.21;0
GameTechDev;0;0;0
Geek-1001;1440.00;34.86;0
timurnurutdinov;13.52;2.00;0
GameBuildingBlocks;0;0;0
dado3212;8.22;2.45;0
schneems;0.86;0.13;0
benji6;9.35;0.79;0
stormdzh;2.84;0.83;0
michalzaq12;12.48;1.65;0
wavebitscientific;0;0;0
kotojs;0;0;0
bb-coder;7.66;1.19;0
googlearchive;0;0;0
adjust;0;0;0
timd;7.14;0.82;0
jhiesey;35.43;4.26;0
bradymholt;23.61;2.51;0
hahnyuan;9.47;1.48;0
eggjs;0;0;0
MatthewZMD;66.55;4.38;0
murari023;0.50;0.91;0
afischer;15.44;2.93;0
maxlicheng;67.86;2.55;0
JJMM;47.78;4.33;0
nnja;14.41;1.33;0
benedekrozemberczki;268.15;14.66;0
tchellomello;5.27;1.87;0
haskell;0;0;0
newhavenrb;0;0;0
survivejs-demos;0;0;0
brentnycum;23.80;3.33;0
mtojek;8.11;1.14;0
dujigui;14.35;1.30;0
lsegal;48.14;4.47;0
sebnitu;44.24;3.76;0
janlelis;18.96;1.91;0
lincanbin;117.62;9.88;0
onlyliuxin;90.83;19.83;0
Sophia-11;154.81;10.69;0
nixuehan;8.54;1.80;0
kube-reporting;0;0;0
ongr-io;0;0;0
fiatjaf;7.65;1.66;0
ireaderlab;0;0;0
pixiv;0;0;0
wqking;30.08;5.15;0
yrlu;47.11;4.39;0
mljar;0;0;0
zbfzn;22.22;1.33;0
giswqs;19.19;2.56;0
hashicorp;0;0;0
apache;0;0;0
binx;23.88;2.40;0
gdamore;86.23;5.06;0
jakerella;26.44;2.17;0
Trojan-Qt5;0;0;0
spring-io;0;0;0
pytorch;0;0;0
stephencelis;99.17;4.65;0
pycrypto;0;0;0
HugoGiraudel;248.29;11.78;0
ligurio;132.47;13.57;0
Binaryify;393.58;9.17;0
lynndylanhurley;423.84;11.26;0
mgcrea;5.13;1.11;0
alexruperez;21.08;1.98;0
valnub;443.97;22.47;0
shanegao;4.15;1.60;0
tmm1;3.04;1.93;0
mcroydon;8.65;2.53;0
dingtalk-templates;0;0;0
huszy;5.12;1.24;0
Nealyang;804.00;26.42;0
gnugat;15.36;1.91;0
mafintosh;19.31;2.05;0
jethrogb;11.82;2.31;0
chengjun2014;3.33;1.13;0
caskformula;0;0;0
flipperbw;6.38;2.25;0
DrewDahlman;30.97;3.12;0
veritrans;0;0;0
JustSid;8.73;1.59;0
ScottHuangZL;11.00;1.93;0
josegonzalez;2.64;1.46;0
biometrics;0;0;0
gucheen;4.33;1.14;0
chrishonselaar;5.93;1.67;0
jimmycuadra;24.61;1.53;0
locoslab;0;0;0
rharter;18.91;1.63;0
stryku;6.45;1.25;0
youzan;0;0;0
treenotation;0;0;0
joshlong;7.46;1.94;0
geerlingguy;20.17;2.13;0
zachwill;26.25;2.16;0
AsgardCms;0;0;0
lttb;16.22;1.54;0
rafecolton;2.22;3.95;0
MrGaoGang;0.64;0.10;0
pamela-project;0;0;0
Buglife;0;0;0
geoffmacd;3.16;1.32;0
huihoo;0;0;0
akitaonrails;8.72;2.33;0
tonilopezmr;63.51;4.02;0
Cotonti;0;0;0
jimweirich;64.43;3.41;0
lensesio;0;0;0
cdpenggod;10.63;1.48;0
pdf-rs;0;0;0
brianneisler;2.53;0.44;0
BenJetson;1.36;1.21;0
ryanmcdermott;1163.15;39.21;0
raja;8.50;2.10;0
deoxxa;3.40;1.19;0
PlayFab;0;0;0
Gotetz;41.00;6.50;0
ilumitr;6.85;1.08;0
ljanyst;6.83;1.43;0
edsu;2.40;0.57;0
ropensci;0;0;0
jmortega;2.86;1.30;0
ahmed-salaah;6.23;2.23;0
wolfking0608;16.46;0.17;0
nverba;1.13;1.06;0
ReSwift;0;0;0
chauff;6.39;2.16;0
ngoanpv;4.75;0.63;0
3springs;0;0;0
IBM;0;0;0
leetful;40.50;6.50;0
bbbenji;16.07;1.85;0
DDCSLearning;0;0;0
latchset;0;0;0
Xiaoming-Yu;43.43;5.43;0
zentity-io;0;0;0
lsh123;30.67;6.00;0
CaptainEven;83.00;6.38;0
joeeames;11.10;3.12;0
sruupl;42.00;6.00;0
tangrams;0;0;0
michaelsboost;3.71;1.43;0
jonhilt;3.88;1.48;0
rolffokkens;7.36;2.36;0
schedutron;1.55;0.25;0
css-modules;0;0;0
evancz;165.76;9.18;0
UnquietCode;3.40;1.47;0
sindresorhus;189.87;3.63;0
qpliu;3.19;1.16;0
nicka;4.02;1.35;0
madetech;0;0;0
facebookarchive;0;0;0
higgsfield;582.00;22.22;0
rzander;22.86;6.43;0
poshaughnessy;1.34;1.33;0
cuilimeng;10.55;2.09;0
igravitystudios;0;0;0
awailly;5.43;2.27;0
TheCodeArtist;9.92;1.67;0
Ekultek;96.96;6.89;0
Wasim37;10.66;1.36;0
shirakawas;34.50;5.25;0
yuchenyang1994;11.00;1.13;0
metaflop;0;0;0
kaistseo;152.00;18.00;0
kjdion84;78.50;11.50;0
clue;62.66;3.83;0
AlloVince;21.15;3.63;0
GcsSloop;437.03;19.09;0
DiscipleD;9.78;2.17;0
davidchambers;5.53;2.65;0
rolandjitsu;302.35;13.60;0
lruiz;26.83;3.50;0
python-otr;0;0;0
tandasat;60.71;8.10;0
jmhessel;8.97;1.90;0
mathewbyrne;24.89;3.11;0
darkoperator;48.41;5.87;0
superscriptjs;0;0;0
thomai;28.36;2.91;0
livereload;0;0;0
flash-dog;0;0;0
iqingting;4.07;0.26;0
tsaarni;5.72;1.52;0
lukechilds;27.88;1.65;0
alpha-miner;0;0;0
Mybridge;0;0;0
hczhcz;8.30;2.23;0
ERS-HCL;0;0;0
OnsenUI;0;0;0
o1298098;21.29;1.71;0
PaloAltoNetworks;0;0;0
cactus;0;0;0
haskell;0;0;0
distillpub;0;0;0
gunnarmorling;54.43;2.83;0
inconshreveable;619.81;22.77;0
PeerConnect;77.00;2.00;0
germanattanasio;40.18;12.69;0
flexdinesh;375.98;6.16;0
corbt;11.53;1.16;0
MoneyFox;0;0;0
gardener;0;0;0
cobblau;5.94;1.21;0
PhABC;9.17;2.96;0
kyrylo;1.45;1.16;0
caspar-chen;71.11;8.67;0
benface;35.07;1.70;0
hyowonha;27.67;3.33;0
mariadb-corporation;0;0;0
adminfaces;0;0;0
bigcommerce;0;0;0
rashidlaasri;217.00;10.50;0
ikhsan;10.70;1.64;0
Nodeclipse;0;0;0
ludc;15.58;2.50;0
zygmuntz;56.13;5.88;0
Martin404;26.75;5.50;0
mgutz;20.79;2.71;0
akosma;63.25;3.97;0
tangxuehua;109.08;18.58;0
coldnew;1.17;1.10;0
taniarascia;213.85;11.06;0
seasonstar;99.63;7.05;0
ALEXZZZ9;50.17;7.17;0
laracasts;110.95;7.24;0
jfqd;0.36;0.54;0
norgepaul;30.00;11.13;0
wnagzihxa1n;42.50;5.75;0
VitaliiTsilnyk;5.61;1.39;0
CityOfZion;0;0;0
mwlang;3.54;1.38;0
zchee;0.69;0.42;0
rlamasb;17.22;3.33;0
gozman;15.59;3.12;0
sassoftware;0;0;0
alexkay;112.43;10.07;0
xchataqua;0;0;0
jarulraj;89.04;7.32;0
mulesoft;0;0;0
xmartlabs;0;0;0
JiaweiZhuang;5.25;1.33;0
crisbal;9.42;2.15;0
IonicaBizau;10.05;1.55;0
AesopInteractive;0;0;0
seba-1511;25.93;2.73;0
react-native-vietnam;0;0;0
btk;2.12;1.22;0
jaredmcqueen;38.50;5.75;0
boostorg;0;0;0
benjamn;62.40;3.36;0
barisgecer;85.00;10.50;0
okta;0;0;0
yeggor;23.57;2.71;0
stylewarning;20.71;2.90;0
teadocs;0;0;0
dnnrly;10.19;1.06;0
gangly;3.94;1.02;0
phutchins;2.68;1.43;0
atomicpages;11.49;0.98;0
heshenxian1;2.21;0.45;0
ccnmtl;0;0;0
mattneub;82.26;10.32;0
locuslab;0;0;0
huihut;338.89;17.96;0
hipache;0;0;0
junyanz;1517.58;64.23;0
teivah;109.19;3.56;0
CTCaer;54.76;6.15;0
apitrace;0;0;0
tychxn;139.43;5.79;0
Akagi201;8.68;0.89;0
GeekyAnts;0;0;0
thiagoalessio;323.57;17.71;0
mafaca;83.23;7.54;0
igrigorik;333.86;20.24;0
SheHuan;73.82;2.51;0
bitshares;0;0;0
bvaughn;191.21;7.18;0
remy;5.45;1.40;0
visionml;0;0;0
ParticleCore;580.50;75.25;0
subethaedit;0;0;0
maoberlehner;23.61;1.82;0
googleprojectzero;0;0;0
gajus;56.68;1.49;0
mikespook;81.52;7.98;0
hanford;17.54;1.39;0
baidu;0;0;0
Trinea;1634.25;192.17;0
docker-library;0;0;0
acss-io;0;0;0
benoitc;4.48;2.35;0
mkoehnke;27.72;2.35;0
justone;0.41;1.05;0
symfony;0;0;0
cpp-taskflow;0;0;0
erguotou520;64.63;2.98;0
daliansky;149.86;10.32;0
ionic-team;0;0;0
Ehco1996;87.34;4.56;0
oauth2-proxy;0;0;0
nndl;0;0;0
bolan9999;527.75;12.25;0
ageitgey;793.73;34.55;0
rancher;0;0;0
maicss;67.61;4.93;0
chaokunyang;15.66;3.64;0
Hitachi-Automotive-And-Industry-Lab;0;0;0
coronalabs;0;0;0
CoderJackyHuang;55.51;3.24;0
IcaliaLabs;0;0;0
danielsabinasz;106.00;7.33;0
brentvatne;30.16;0.91;0
scalacenter;0;0;0
Eli-Fox;50.54;2.62;0
jonathan-fielding;0.57;0.25;0
bstavroulakis;35.92;3.54;0
canvasowl;30.62;4.14;0
stayradiated;0.68;1.43;0
amethyst-framework;0;0;0
talentdeficit;34.12;3.41;0
bamos;365.06;22.12;0
emmjaykay;32.38;3.81;0
line;0;0;0
deepmind;0;0;0
AntJanus;13.12;1.30;0
spencercarli;27.88;2.39;0
trebonian;55.69;5.00;0
brave;0;0;0
scrapinghub;0;0;0
ScottLogic;0;0;0
gdg-x;0;0;0
shaoanlu;153.15;9.92;0
adriankumpf;17.46;2.00;0
byteam;0;0;0
allenwong;2331.20;123.00;0
apping;0;0;0
onlylemi;31.53;2.75;0
spring-guides;0;0;0
medooze;0;0;0
aivivn;169.60;17.80;0
usnistgov;0;0;0
citelao;10.53;1.15;0
beatgammit;18.91;2.30;0
dotnet-architecture;0;0;0
ericandrewlewis;0.50;0.17;0
WhatsNewSaes;121.86;6.57;0
wetube;0;0;0
machty;13.52;1.42;0
mobingi;0;0;0
MatthewYork;417.42;15.21;0
egeerardyn;18.86;1.74;0
EssentialsX;0;0;0
ericclemmons;62.00;3.05;0
DominikSerafin;60.73;2.36;0
lenve;406.72;22.33;0
whvcse;60.87;2.00;0
drupal-rain;0;0;0
APNIC-net;0;0;0
LordFokas;3.67;2.67;0
ivorocha90;0.16;1.00;0
agenceepsilon;0;0;0
pankeshpatel;0.26;0.70;0
holms;2.49;1.20;0
apiguy;21.48;1.74;0
rubik;20.39;2.85;0
Janne69;3.00;1.00;0
jakowicz;1.22;0.67;0
bartj3;2.31;1.15;0
luxflux;4.75;1.28;0
valet-io;0;0;0
jpinnix;0.53;1.02;0
lazarogamio;1.88;1.50;0
SimplyMinimal;0.50;0.80;0
chazzbg;0.15;1.22;0
mohamed-ahmed;0.13;1.04;0
Ravenons;0.64;1.27;0
donaldheer;0.50;2.67;0
michalkvasnicak;26.13;2.33;0
maxogden;107.02;4.82;0
aurelien974;1.11;2.00;0
LEAMgroup;0;0;0
kmdsbng;0.60;1.05;0
tec7z7;0.83;1.67;0
operatino;7.69;1.44;0
yonetin;0.55;1.09;0
ztmr;1.13;1.28;0
acqant;0.29;1.07;0
fson;120.08;2.98;0
jayofdoom;0.77;0.06;0
agjacome;0.32;1.07;0
DCBoland;0.45;1.14;0
oleksiyk;10.85;1.76;0
yamadapc;6.31;1.54;0
pnetesa;0.64;1.36;0
anurag-ks;0.41;1.11;0
mvemjsun;7.39;0.89;0
nakosung;31.70;3.03;0
i-rinat;38.73;5.10;0
yageek;2.33;1.12;0
blackdotsh;28.70;4.50;0
Anbruch;0;0;0
kshsieh;0.26;0.13;0
ZiB;5.47;1.71;0
patarleth;0.63;1.25;0
windbender;0.33;0.90;0
threeifbywhiskey;2.36;1.14;0
hakirisec;0;0;0
OFFIS-Automation;0;0;0
TeamRegular;0;0;0
stravaganza;0;0;0
kaleidos;0;0;0
selectany;4.00;1.67;0
bobbijvoet;0.47;1.15;0
rishabhmhjn;1.03;1.29;0
mwelburn;0.37;1.19;0
DummyDivision;0;0;0
tony915;1.25;1.50;0
last-g;0.55;1.48;0
yhez;0.67;1.67;0
omnirom;0;0;0
slembcke;41.10;5.82;0
kngenie;1.39;1.26;0
eee-c;13.63;1.60;0
codio;0;0;0
drahmel;1.54;1.33;0
cxjwin;3.24;1.16;0
bgaster;3.34;1.58;0
rvbiljouw;2.22;2.00;0
vasyabigi;19.88;1.42;0
solatis;1.02;0.82;0
stekycz;5.22;1.57;0
mxcl;344.30;8.69;0
hsp-users-jp;0;0;0
ghik;11.44;3.09;0
na2hiro;5.46;2.26;0
sbkwgh;8.33;1.61;0
lucacapacci;0.75;1.38;0
jlord;244.86;11.79;0
tjmehta;3.35;1.03;0
martinsookael;0.49;1.46;0
wira;1.83;2.39;0
BrightcoveOS;0;0;0
dharmeshjogadia;0.36;0.82;0
Bleusir;3.00;6.00;0
vovantics;2.89;1.11;0
meducation;0;0;0
bensteinberg;0.06;0.84;0
francesco-ficarola;7.00;1.87;0
ziyiyang8;0.33;1.13;0
NV;53.07;8.67;0
laurayco;1.18;1.18;0
danieldrucker;0.25;2.08;0
wearscript;0;0;0
aclindsa;8.39;1.87;0
jopefunk;1.33;3.67;0
adereth;79.88;7.65;0
http2;0;0;0
reduxjs;0;0;0
zhedahht;248.33;12.67;0
garyaiki;60.00;8.00;0
mythkiven;30.59;0.93;0
bblfsh;0;0;0
Leonard-Xu;271.00;21.00;0
vega;0;0;0
zhebrak;38.48;3.14;0
Tairraos;37.89;6.33;0
naoina;14.08;0.90;0
kaishengtai;226.67;16.17;0
iridakos;93.67;3.97;0
hashicorp;0;0;0
hendrycks;42.68;2.19;0
JanGorman;18.00;1.55;0
hunglc007;18.07;1.87;0
HoLyVieR;12.43;0.60;0
hahwul;39.37;3.80;0
uber;0;0;0
flexunit;0;0;0
l1k;14.65;3.10;0
gaolonglong;20.76;1.88;0
Arasthel;22.25;2.59;0
parallax;0;0;0
Jorl17;17.37;2.53;0
nvdla;0;0;0
NVlabs;0;0;0
kz26;22.90;2.84;0
censujiang;40.86;1.29;0
andresinaka;45.67;1.54;0
sibson;25.75;2.28;0
jmatth;4.57;1.07;0
0xeb-bp;75.25;5.75;0
zhengthomastang;42.00;6.00;0
jaredfolkins;4.83;0.95;0
sheefee;271.00;20.00;0
ufoym;95.64;4.28;0
danneu;10.30;1.84;0
xavierlacot;7.57;1.86;0
cheapsteak;0.42;0.89;0
NascHQ;0;0;0
careermonk;157.44;27.67;0
digitalbond;0;0;0
hypercube1024;22.92;5.58;0
gotify;0;0;0
etianen;180.12;9.24;0
realm;0;0;0
drbh;5.49;1.02;0
likaiyuan559;208.50;8.00;0
gdelugre;41.25;4.69;0
zerosum0x0;54.75;4.61;0
matsuu;9.21;1.44;0
zalando;0;0;0
jpmorganchase;0;0;0
kfix;27.85;2.21;0
tencentyun;0;0;0
dadoonet;2.17;0.83;0
Javacord;0;0;0
Aracki;472.36;6.47;0
microsoft;0;0;0
TRI-ML;0;0;0
Harrison1;3.50;0.74;0
everydayrails;0;0;0
jabbalaci;11.24;1.96;0
google;0;0;0
tg-bomze;46.33;3.78;0
enylin;90.33;3.00;0
deliciousbrains;0;0;0
jvehent;11.19;2.99;0
CrunchyData;0;0;0
chankeh;4.37;0.13;0
zhreshold;23.94;2.65;0
terraform-providers;0;0;0
jtesta;57.41;5.03;0
nahamsec;355.38;20.88;0
atomicbird;104.16;5.18;0
judah4;4.55;1.76;0
dnasseri;43.25;2.38;0
freqdec;305.17;16.00;0
liaojinxing;33.88;3.50;0
codrops;0;0;0
12207480;2.48;1.01;0
vczero;84.48;6.85;0
fengyongge;4.77;1.12;0
ilich;7.14;1.97;0
daattali;70.45;5.29;0
isaacmg;4.67;1.63;0
matricks;53.38;6.38;0
krta2;19.43;0.29;0
project-open-data;0;0;0
florianv;44.10;2.17;0
mxck;8.24;0.91;0
sebgoa;9.67;2.20;0
weavejester;73.75;4.13;0
nick6918;15.79;2.32;0
gitcoinco;0;0;0
saiwu-bigkoo;927.18;27.68;0
cesards;29.81;2.05;0
stefanjudis;12.95;1.61;0
mandango;0;0;0
cuappdev;0;0;0
sarthology;46.37;2.71;0
acidanthera;0;0;0
sstur;40.09;2.22;0
streamich;143.85;1.52;0
TrickyGo;458.20;18.40;0
0ohop;118.85;6.50;0
laktek;38.40;2.97;0
ml-tooling;0;0;0
u014427391;81.39;8.91;0
DataDog;0;0;0
pavanjadhaw;61.10;2.48;0
bootandy;26.13;1.40;0
littleark;30.65;2.52;0
aimacode;0;0;0
ftlabs;0;0;0
jvoisin;501.08;30.18;0
hackappcom;148.17;22.92;0
krzyzanowskim;139.28;4.80;0
jenkinsci;0;0;0
jackaudio;0;0;0
infection;0;0;0
HamzaGhazouani;809.80;14.40;0
thoughtbot;0;0;0
thunil;266.92;24.17;0
stefanbuck;0.41;0.23;0
jorgebucaran;723.95;23.43;0
astrada;166.54;8.08;0
TheCherno;167.37;25.41;0
sorintlab;0;0;0
0xInfection;728.33;52.89;0
RodneyShag;85.27;10.31;0
gregoryyoung;125.72;11.80;0
welaika;0;0;0
twitter-forks;0;0;0
felixge;24.09;2.50;0
maichong;0;0;0
resque;0;0;0
itgoyo;4.36;0.35;0
groundworkcss;0;0;0
smcllns;336.20;13.80;0
googlearchive;0;0;0
seb-m;125.29;8.35;0
wuyouzhuguli;1653.71;78.50;0
jondot;69.48;1.95;0
reviewdog;0;0;0
estools;0;0;0
vmware;0;0;0
MZCretin;124.13;4.54;0
snyk;0;0;0
x0rz;1526.67;129.83;0
google;0;0;0
douban;0;0;0
mridgers;2586.00;135.00;0
diegohaz;204.87;9.70;0
fb55;87.14;3.18;0
PowerShell;0;0;0
ahmadawais;20.36;0.90;0
thedjpetersen;110.19;6.50;0
Marxon13;663.50;22.17;0
joefitzgerald;102.44;6.85;0
yangfeicheung;35.28;1.56;0
webRTC-io;0;0;0
houkx;44.80;5.54;0
rapidoid;0;0;0
andreafrancia;18.21;2.38;0
MikeMcQuaid;195.84;16.14;0
rust-lang;0;0;0
huangwei9527;73.76;4.33;0
google;0;0;0
robotframework;0;0;0
polarmobile;0;0;0
moby;0;0;0
kitetail;0;0;0
kaonashi-tyc;207.09;9.55;0
indragiek;121.04;4.90;0
google;0;0;0
imba;0;0;0
Zulko;311.15;11.71;0
AAChartModel;103.18;2.86;0
realpython;0;0;0
FiloSottile;1439.89;40.56;0
guojunyi;41.36;3.09;0
JustinFincher;16.20;1.56;0
soumith;246.86;12.68;0
adamhalasz;16.69;1.50;0
yagamis;12.76;2.17;0
philsturgeon;279.20;22.45;0
pilagod;9.55;1.79;0
DominicMaas;52.00;8.29;0
ares333;69.17;9.17;0
spatie;0;0;0
mjholtzem;54.86;5.00;0
oncletom;1.89;1.30;0
alleyinteractive;0;0;0
apachecn;0;0;0
hexojs;0;0;0
PyPSA;0;0;0
toadstorm;82.80;16.00;0
disclose;0;0;0
jaegertracing;0;0;0
paveisistemas;0;0;0
SaneMethod;40.60;3.30;0
jedwards1211;0.21;0.28;0
japacible;7.75;2.43;0
m3u8-segmenter;0;0;0
karmazzin;15.20;3.04;0
wmchris;20.90;3.71;0
byuu;314.33;22.00;0
pushshift;17.09;2.49;0
AlanCheen;23.69;1.95;0
casperstorm;16.13;0.96;0
gosu;0;0;0
naver;0;0;0
straightdave;16.22;2.29;0
aspnet;0;0;0
shuding;17.69;1.87;0
SmokeMonsterPacks;256.33;49.33;0
chenshuo;281.44;30.67;0
admintony;22.70;0.57;0
leny;0.30;0.99;0
react-component;0;0;0
jmenter;20.52;1.93;0
mennovanslooten;32.22;2.50;0
kbsali;8.43;1.96;0
mageplus;0;0;0
tuner24;127.33;9.33;0
arkon;129.39;7.79;0
nacos-group;0;0;0
SanderMertens;22.33;2.06;0
moonlight-stream;0;0;0
its-awesome;0;0;0
kyaroru;15.14;1.31;0
zh-plus;21.26;1.00;0
LineageOS;0;0;0
embear;37.23;2.69;0
evermeer;163.35;7.70;0
MrSaints;45.66;3.64;0
Dexaran;0.57;0.29;0
kentonl;1362.33;58.00;0
Tessil;110.13;9.06;0
oktayayr;190.00;7.50;0
FullstackStation;0;0;0
f2e-journey;0;0;0
xdite;16.35;3.08;0
cyberark;0;0;0
rfk;43.15;3.88;0
gimite;156.32;7.97;0
will-stone;74.58;2.96;0
patrickfav;58.61;2.73;0
pelotom;34.97;1.94;0
bsdphk;65.24;13.32;0
MichaelCereda;11.07;1.28;0
outmoded;0;0;0
darklow;43.16;3.52;0
puppetlabs;0;0;0
Cr4sh;111.26;12.56;0
danfairs;10.27;1.65;0
adoy;45.68;4.89;0
ilai-deutel;24.95;0.90;0
osteele;2.85;2.67;0
sindresorhus;189.87;3.63;0
ryandrewjohnson;22.85;2.37;0
marijnz;61.45;5.70;0
in28minutes;115.50;20.65;0
pabloariasal;26.73;1.00;0
achembarpu;21.83;1.11;0
g0v;0;0;0
tendenci;0;0;0
feathersjs-ecosystem;0;0;0
EyreFree;107.43;3.75;0
jckarter;35.60;4.71;0
yelouafi;476.09;8.87;0
rcmalli;121.91;7.64;0
sebarmeli;91.08;8.50;0
Unity-Technologies;0;0;0
SubjectNerd-Unity;0;0;0
dlxg;24.89;2.56;0
roncioso;33.33;2.25;0
chenchengyin;82.15;3.70;0
giving-a-fuck-about-climate-change;0;0;0
andyiac;6.88;1.43;0
tombenner;104.36;6.09;0
happypoulp;200.47;6.79;0
shidenggui;145.70;19.33;0
Jawbone;0;0;0
Jack-Lee-Hiter;204.69;9.08;0
causefx;169.94;8.06;0
jiangmiao;170.74;6.21;0
rasbt;701.82;50.21;0
awesome-tips;0;0;0
smpallen99;31.70;2.10;0
pravega;0;0;0
mkaz;101.36;3.27;0
bradfrost;174.84;12.72;0
moses-smt;0;0;0
erlang;0;0;0
ElevenPaths;0;0;0
orangeduck;685.35;36.00;0
ralfbiedert;72.59;3.53;0
QueueClassic;0;0;0
tuist;0;0;0
google;0;0;0
reworkcss;0;0;0
lopspower;345.89;13.84;0
Shopify;0;0;0
btholt;82.81;2.96;0
tylertreat;139.63;8.38;0
Flexget;0;0;0
ember-animation;0;0;0
sindresorhus;189.87;3.63;0
facebookincubator;0;0;0
traccar;0;0;0
hzlzh;308.37;24.11;0
aholachek;124.47;2.58;0
mint-lang;0;0;0
johnpolacek;135.33;8.95;0
serverless;0;0;0
kornia;0;0;0
analogcode;196.36;14.09;0
collectd;0;0;0
root-two;0;0;0
dancryer;246.80;16.40;0
unconed;277.03;15.47;0
spulec;101.24;3.06;0
snabbco;0;0;0
aylei;26.09;0.93;0
rowanmanning;33.39;21.90;0
PhilippC;159.42;9.50;0
questbeat;110.13;5.11;0
intelsdi-x;0;0;0
ender-js;0;0;0
watson;12.93;1.47;0
christinecha;29.85;1.95;0
ruby-prof;0;0;0
sofastack;0;0;0
rails;0;0;0
yogthos;9.66;1.84;0
unshiftio;0;0;0
BloodAxe;147.86;7.33;0
danielmagnussons;75.30;4.80;0
pytest-dev;0;0;0
ryancramerdesign;18.07;4.10;0
RxSwiftCommunity;0;0;0
csswizardry;774.88;36.71;0
AndreaCrotti;1.26;1.08;0
dejan;164.26;5.03;0
alastairtree;54.38;3.90;0
bcoe;10.28;3.39;0
sghiassy;9.95;1.39;0
pinax;0;0;0
xadrianzetx;47.63;1.38;0
mumuy;252.65;12.87;0
deuill;31.59;2.97;0
thomasnordquist;9.01;1.58;0
iammert;139.69;6.09;0
m242;94.50;11.13;0
liuyanggithub;31.83;2.75;0
mitsuba-renderer;0;0;0
charliegerard;24.49;2.26;0
stefanprodan;75.65;5.44;0
sendgrid;0;0;0
Leaking;47.74;2.82;0
pyupio;0;0;0
tducret;33.25;4.54;0
js-cli;0;0;0
inferred;0;0;0
reason-react-native;0;0;0
iamcco;33.26;1.92;0
oeway;11.54;1.59;0
owenliang;22.09;2.00;0
iovxw;8.45;1.18;0
GNOME;0;0;0
syndbg;7.79;1.16;0
cbednarski;29.61;1.82;0
payara;0;0;0
adriancooney;30.37;1.04;0
AdamLaurie;53.66;10.07;0
nferraz;72.00;5.56;0
ResultadosDigitais;0;0;0
mixu;85.23;4.51;0
GabrielAlva;887.67;36.00;0
yoksel;29.89;2.71;0
teamserverless;0;0;0
bublejs;0;0;0
dli;689.14;27.57;0
gokulkrishh;7.31;1.49;0
Bridgewater;0;0;0
tikalk;0;0;0
RanadeepPolavarapu;7.43;0.83;0
hemerajs;0;0;0
florent37;282.29;8.20;0
AlgoryL;741.00;30.00;0
otya128;18.52;2.17;0
google;0;0;0
bootstrap-tagsinput;0;0;0
deivid-rodriguez;0.12;0.88;0
recruit-lifestyle;0;0;0
ayeowch;145.25;16.75;0
andirueckel;404.00;5.00;0
thepowersgang;50.71;5.26;0
KiCad;0;0;0
mkocabas;127.15;7.60;0
Thunberg087;40.50;1.40;0
matrixcascade;42.60;3.67;0
howsecureismypassword;0;0;0
entria;0;0;0
rxlabz;27.73;2.16;0
jncraton;4.62;1.07;0
SeuTao;38.30;1.98;0
TangBean;51.29;2.71;0
mymarilyn;0;0;0
github;0;0;0
AlexeySemigradsky;48.44;5.22;0
wq2012;68.19;7.59;0
JuulLabs-OSS;0;0;0
mtkopone;17.49;1.94;0
tmr232;11.71;2.36;0
onmyway133;129.67;4.38;0
davidchambers;5.53;2.65;0
danvick;29.88;1.94;0
uber-go;0;0;0
dsacademybr;128.20;30.90;0
abhishekkr;9.33;1.72;0
paulirish;925.09;19.57;0
realgam3;41.53;21.43;0
castorflex;335.72;16.78;0
erthink;20.30;3.41;0
buildkite;0;0;0
jbaron;28.00;3.63;0
m0l1ce;19.37;0.93;0
progrium;47.40;4.80;0
mjstealey;8.70;2.50;0
fedeisas;13.92;1.73;0
kimyoon-young;11.39;0.53;0
velopert;29.62;3.30;0
zgq354;22.03;1.77;0
greensock;0;0;0
P233;36.19;3.47;0
geany;0;0;0
Eilene;23.23;2.77;0
menwengit;85.00;11.20;0
dsc;3.54;1.21;0
microsoft;0;0;0
myxuchangbin;27.53;1.73;0
kendricktan;5.93;1.46;0
t9md;17.79;1.45;0
cbeust;70.13;5.49;0
XueshiQiao;11.64;0.58;0
CartoDB;0;0;0
h6ah4i;65.57;3.83;0
ArthurZC23;24.35;4.71;0
facebookresearch;0;0;0
css-modules;0;0;0
SSNikolaevich;27.00;2.27;0
TheSavior;174.02;5.18;0
amilajack;3.60;0.73;0
unicodeveloper;49.64;3.04;0
facultyai;0;0;0
pret;0;0;0
hyperstack-org;0;0;0
watson;12.93;1.47;0
teijo;12.31;1.62;0
dongxinb;18.61;1.57;0
vladikoff;8.64;2.71;0
HackerShackOfficial;0;0;0
stacklens;86.00;2.40;0
ghc-proposals;0;0;0
mariuszostrowski;512.00;23.00;0
hansenji;11.54;1.33;0
peterpaulis;24.63;2.33;0
spatialdev;0;0;0
kfei;33.87;2.35;0
edumentab;0;0;0
paularmstrong;401.00;6.62;0
godaddy-wordpress;0;0;0
hypeapps;52.33;4.04;0
Jeykit;8.35;1.29;0
tinalatif;51.75;5.88;0
SimonLarsen;12.46;2.06;0
PcapDotNet;0;0;0
LinusHenze;129.60;11.60;0
caelum;0;0;0
coderZsq;82.50;4.17;0
amcharts;70.67;8.54;0
mozilla;0;0;0
neovim;0;0;0
cubicdaiya;46.56;5.70;0
mapbox;0;0;0
ztellman;243.11;11.49;0
fregu856;25.04;2.91;0
go-playground;0;0;0
alexdrone;176.92;6.73;0
irace;9.67;1.64;0
bacher09;8.47;2.36;0
YenYuHsuan;19.00;0.50;0
zyxue;5.70;1.46;0
huandu;55.73;5.20;0
beego;0;0;0
nashwaan;57.38;1.85;0
KUR-creative;15.69;0.77;0
qiniu;0;0;0
spatie;0;0;0
ecomfe;0;0;0
rafaelfranca;43.64;7.28;0
MicroPyramid;0;0;0
KaimingHe;1427.00;97.67;0
adamwulf;45.87;3.14;0
benedekrozemberczki;268.17;14.66;0
neeru1207;69.00;2.73;0
thenativeweb;0;0;0
rockymadden;54.33;3.44;0
muan;61.59;7.66;0
zendeskgarden;0;0;0
nextcloud;0;0;0
mozmorris;118.20;5.23;0
souyunku;31.09;2.73;0
mitchtabian;35.64;4.02;0
google-research;0;0;0
chrisbra;231.82;6.87;0
powy1993;40.62;3.57;0
shiyanhui;386.00;19.60;0
xflr6;18.54;4.32;0
MicrosoftEdge;0;0;0
icepy;90.73;7.74;0
JustinDrake;39.18;4.92;0
fasiondog;22.71;3.76;0
Akryum;75.11;3.77;0
fcambus;386.17;22.26;0
uPhyca;0;0;0
xhzengAIB;307.03;18.73;0
objcio;0;0;0
spicyShrimp;69.04;3.17;0
socketry;0;0;0
KyoheiG3;88.66;4.64;0
tminglei;97.22;6.33;0
EnderTan;255.00;6.00;0
deepset-ai;0;0;0
nteract;0;0;0
sciactive;0;0;0
neutrinojs;0;0;0
jsoma;44.08;2.53;0
instagrambot;0;0;0
survivejs;0;0;0
LaiFeng-Android;0;0;0
cheggaaa;146.88;3.94;0
hefuyicoder;626.25;24.00;0
maticzav;167.17;4.29;0
mars;43.63;3.26;0
FormidableLabs;0;0;0
sorrycc;307.63;20.70;0
AlloyTeam;0;0;0
yck1509;279.00;35.80;0
TangoAgency;0;0;0
bitcoin;0;0;0
envoy;0;0;0
hades0918;198.00;10.50;0
Shellntel;103.88;12.25;0
bruce;6.80;2.18;0
HCIT-Computing-Intelligence;0;0;0
GammaGao;8.08;1.69;0
qqiang00;7.65;1.38;0
mcallegari;45.78;8.44;0
cheeaun;21.50;2.49;0
gocardless;0;0;0
jstorimer;38.71;3.73;0
mattdesl;111.71;4.52;0
hb-go;0;0;0
rsrbk;48.08;2.00;0
cknow;0;0;0
amachanic;396.00;78.00;0
DanielKeep;19.64;1.90;0
marconilanna;9.92;1.43;0
hemanta212;15.54;0.19;0
nolanlawson;57.24;2.63;0
lavie;6.06;1.09;0
skarnet;38.21;4.89;0
abdelhai;17.75;1.71;0
splunk;0;0;0
JamzyWang;9.54;1.66;0
DenisTome;42.73;4.36;0
tomwalker;36.36;6.27;0
FSecureLABS;0;0;0
amritb;20.30;1.30;0
CogComp;0;0;0
lincolnloop;0;0;0
summerblue;203.75;12.98;0
mongodb-labs;0;0;0
alexkehayias;16.34;1.56;0
deeptools;0;0;0
Danie1s;195.09;4.27;0
massgravel;0;0;0
aliostad;23.74;3.69;0
svrxjs;0;0;0
afollestad;862.00;30.34;0
framework7io;0;0;0
mafengwo;0;0;0
Making-It;29.05;0.74;0
Azure;0;0;0
Chatterino;0;0;0
prideout;35.81;3.19;0
toomore;9.15;3.01;0
karottc;12.67;1.98;0
udacity;0;0;0
ptigas;9.96;1.76;0
ericoc;23.16;3.63;0
doefler;55.44;4.44;0
HelenOS;0;0;0
bazelbuild;0;0;0
eclipse;0;0;0
vczero;84.48;6.85;0
XiaoMi;0;0;0
datawire;0;0;0
thoughtworks;0;0;0
miao1007;30.04;2.30;0
open-dingtalk;0;0;0
MscrmTools;10.02;4.00;0
jasp-stats;0;0;0
sky-map-team;0;0;0
scarsty;19.51;3.30;0
IvBaranov;75.88;4.13;0
jamesknelson;60.41;2.59;0
Goddchen;16.86;2.97;0
basicallydan;28.06;1.05;0
yuzushioh;9.27;0.48;0
airlift;0;0;0
ItalyPaleAle;7.51;0.65;0
eko;44.46;3.40;0
damianszczepanik;65.18;12.18;0
urbica;0;0;0
Elteoremadebeethoven;67.14;5.86;0
jverkoey;191.66;10.10;0
wlox;0;0;0
davidgohel;46.39;4.97;0
jirutka;7.58;1.10;0
pry;0;0;0
mikeizbicki;3.42;2.10;0
MysticRyuujin;35.92;2.83;0
thorntail;0;0;0
simongfxu;5.54;1.27;0
moos;13.59;1.37;0
auth0;0;0;0
yangyubo;36.57;6.00;0
RedisLabs;0;0;0
ollija;24.88;1.69;0
DarielChen;51.93;2.60;0
bakwc;16.64;3.55;0
multiwii;0;0;0
keydet89;74.00;14.14;0
songhan;39.47;5.06;0
philschatz;2.62;1.35;0
gboeing;79.54;8.12;0
lefex;74.80;5.68;0
hadley;45.19;5.14;0
mmatl;21.81;29.69;0
farbrausch;0;0;0
c9;0;0;0
scrapinghub;0;0;0
koute;135.98;4.54;0
lynndylanhurley;423.84;11.26;0
yansongda;186.43;8.78;0
wjakob;482.16;31.43;0
termux;0;0;0
rust-lang;0;0;0
technoweenie;16.51;1.66;0
node-webot;0;0;0
Fody;0;0;0
moquette-io;0;0;0
stone0090;120.83;12.33;0
fastai;0;0;0
ines;812.10;28.79;0
ruotianluo;43.84;2.16;0
kiteco;0;0;0
nwjs-community;0;0;0
littlstar;0;0;0
romannurik;537.44;25.54;0
mongrel2;0;0;0
Lauzy;158.78;3.78;0
WebReflection;12.39;1.25;0
oxford-cs-ml-2015;0;0;0
fr1zle;5.47;1.08;0
378056350;21.89;1.18;0
dkulagin;16.87;2.13;0
rmcantin;42.17;3.83;0
kentcdodds;120.11;3.40;0
KDE;0;0;0
meetDeveloper;11.71;0.83;0
serengil;57.50;5.31;0
SenparcCoreFramework;0;0;0
grissomlau;18.74;2.96;0
musictheory;0;0;0
wesabe;0;0;0
dylang;130.98;2.65;0
sparkfunX;0;0;0
rickey-g;84.67;10.00;0
tolitius;27.26;2.22;0
ibsh;42.55;4.64;0
robotframework;0;0;0
solivr;44.33;6.58;0
bluenote10;12.57;1.54;0
logux;0;0;0
apsdehal;55.33;4.27;0
KyleAMathews;172.27;3.46;0
jacobgil;190.17;6.29;0
nprapps;0;0;0
tholman;460.30;13.11;0
SheetJS;0;0;0
dalong982242260;0.50;1.01;0
cil-project;0;0;0
qrac;10.07;1.36;0
Badacadabra;11.68;2.26;0
yashk2810;26.08;2.54;0
photonlines;53.09;2.18;0
lipanski;19.79;1.89;0
sybrenstuvel;14.77;3.20;0
chrisjshull;6.71;1.87;0
jxom;12.51;1.73;0
dlang;0;0;0
thebracket;85.00;5.92;0
kaelig;5.31;4.69;0
Hitomis;265.43;7.10;0
chadpaulson;12.97;1.60;0
yll2wcf;20.54;3.25;0
agragregra;213.00;45.00;0
MatthewClarkMay;15.26;3.68;0
CraneStation;0;0;0
phodal;59.20;3.42;0
kiskolabs;0;0;0
alibaba;0;0;0
svartalf;25.10;2.75;0
EdernClemente;126.50;1.50;0
piotrmurach;130.30;3.89;0
Sorumi;20.86;3.38;0
TonyPhipps;38.40;4.90;0
stucki;6.03;2.06;0
CodingBingo;29.33;2.67;0
deepred5;8.10;1.04;0
dmitrystu;41.56;5.89;0
alibaba;0;0;0
yifei8;30.77;0.73;0
feicong;95.20;6.13;0
Astn;8.52;2.64;0
tinify;0;0;0
pyppeteer;0;0;0
i-am-tom;44.79;4.00;0
yueyoum;16.91;2.91;0
ethereum;0;0;0
clarkgrubb;31.73;1.68;0
eonist;24.04;1.00;0
syrusakbary;94.93;3.50;0
jcugat;23.36;2.45;0
baidut;10.75;1.90;0
mks0601;142.50;9.30;0
thunlp;0;0;0
zhunzhong07;58.05;3.00;0
smasherprog;14.30;3.02;0
MastodonC;0;0;0
zhhlwd;54.00;0.80;0
bencompton;798.10;40.00;0
lrannn;20.00;1.15;0
HotBitmapGG;117.97;5.56;0
molenzwiebel;13.29;3.00;0
santalu;221.80;6.20;0
ronomon;0;0;0
abhioncbr;23.11;6.53;0
intezer;0;0;0
AniDevTwitter;0;0;0
cloudwu;74.67;9.64;0
leonHua;181.57;5.71;0
Kreijstal;191.85;1.38;0
rollup;0;0;0
csurfer;119.27;4.69;0
Scrawk;102.27;8.65;0
bft-smart;0;0;0
tg123;35.16;4.50;0
shiffman;38.24;5.57;0
raisemarketplace;0;0;0
react-component;0;0;0
harryworld;4.14;1.72;0
paked;5.06;1.68;0
abntex;0;0;0
AdiChat;195.27;7.61;0
semisleep;35.50;2.63;0
Surzhikov;35.33;6.67;0
awestruct;0;0;0
michaelbromley;64.46;9.78;0
OAID;0;0;0
lionheart;0;0;0
wlanjie;20.04;2.44;0
wangjohn;11.03;1.82;0
JunSuzukiJapan;6.64;1.17;0
tau-prolog;0;0;0
alibaba;0;0;0
onmyway133;129.67;4.38;0
r-lib;0;0;0
TruthHun;3.32;0.85;0
rambler-digital-solutions;0;0;0
toscale;0;0;0
fix-macosx;0;0;0
kalasjocke;46.04;2.54;0
stevefaulkner;6.37;2.57;0
bbalet;13.00;3.52;0
KyleU;18.23;2.43;0
xueduany;29.15;3.96;0
skeeto;41.76;3.51;0
mathetake;124.58;3.74;0
bntzio;0.48;0.96;0
liufengting;53.57;3.89;0
mbbill;21.53;1.88;0
hackademix;272.00;15.00;0
tmux-plugins;0;0;0
overleaf;0;0;0
MicrosoftDocs;0;0;0
spring-guides;0;0;0
chrfalch;19.73;4.23;0
lispyclouds;16.76;4.03;0
zefhemel;28.14;3.86;0
juhakivekas;333.91;18.96;0
tcnksm;24.71;1.95;0
jkeyes;5.46;1.46;0
scala-labs;0;0;0
googlearchive;0;0;0
coderwhy;299.12;7.82;0
k0204;16.29;2.59;0
robertmeta;11.14;1.80;0
francoislaberge;13.49;3.07;0
benjamminf;34.46;2.23;0
Enigmatis;0;0;0
shijinkui;7.10;1.08;0
nepluno;59.82;7.36;0
rust-lang;0;0;0
pmsipilot;0;0;0
eventuate-examples;0;0;0
danoctavian;9.46;1.99;0
baigoStudio;0;0;0
tencentyun;0;0;0
fastlane-community;0;0;0
component;0;0;0
lavr;8.32;1.32;0
wuyuanlijie;10.00;0.54;0
mmBs;6.71;1.39;0
deepmind;0;0;0
tailhook;5.64;1.25;0
spencercarli;27.88;2.39;0
srtucker22;26.61;2.54;0
brodybits;0.18;0.60;0
Bwar;29.70;3.15;0
shiltemann;7.12;4.35;0
Atalanta;5.79;1.82;0
rayshobby;39.50;15.00;0
houjingyi233;25.43;3.05;0
torchhound;4.50;2.03;0
jpush;0;0;0
zhaojh329;102.56;5.56;0
dvajs;0;0;0
jsfaint;17.78;1.61;0
ewhitehats;147.50;8.00;0
DigitalMars;0;0;0
aria42;31.59;3.23;0
NotMedic;14.03;1.68;0
feross;252.76;12.05;0
express-promise-router;0;0;0
Wizehive;0;0;0
DarqueWarrior;22.41;2.70;0
davidscotttufts;136.00;16.50;0
NathanaelA;10.24;2.08;0
nucypher;0;0;0
segmentio;0;0;0
patsplat;11.38;1.08;0
TeehanLax;0;0;0
DimiMikadze;145.24;8.94;0
joshbuddy;10.02;1.65;0
codrops;0;0;0
broadgsa;207.00;51.00;0
ReactiveX;0;0;0
leeguandong;51.63;2.13;0
stefanprodan;75.68;5.44;0
WallarooLabs;0;0;0
pond3r;692.50;37.50;0
alexkuz;173.68;4.74;0
kylef;243.92;7.32;0
praeclarum;84.05;7.54;0
tinghuiz;1132.74;40.47;0
FormidableLabs;0;0;0
fuzzdb-project;0;0;0
mzucker;201.10;6.66;0
yacy;0;0;0
jx-sec;90.63;7.63;0
ypresto;9.80;1.24;0
php-casbin;0;0;0
DanWahlin;95.54;11.00;0
mrniko;3099.17;225.33;0
kylef;243.92;7.32;0
InderKumarRathore;52.85;3.20;0
sitewhere;0;0;0
igrigorik;333.88;20.24;0
nkholski;50.17;4.33;0
sherifabdlnaby;22.44;2.15;0
FauxFaux;0.02;1.18;0
gsjqwyl;66.40;3.60;0
nofelmahmood;37.95;3.40;0
firmai;155.31;10.47;0
codrops;0;0;0
yoda-pa;0;0;0
pathak22;215.55;11.75;0
yacy;0;0;0
heapwolf;27.59;2.36;0
pointfreeco;0;0;0
chenhaoxiang;18.91;2.14;0
stefanceriu;208.64;9.64;0
justindujardin;115.35;5.26;0
filipedeschamps;193.77;13.00;0
sgrvinod;125.11;5.93;0
powmedia;87.17;4.80;0
hulab;0;0;0
Janusec;0;0;0
nvie;151.22;6.16;0
henrygd;27.16;1.80;0
thread-pond;0;0;0
evilsocket;272.81;14.55;0
IoT-Technology;0;0;0
sass;0;0;0
mahmoudparsian;193.22;23.89;0
terenceLuffy;220.33;12.00;0
michaeljbishop;105.00;3.59;0
newsdev;0;0;0
fperucic;110.17;6.17;0
trizen;33.92;2.85;0
mirrorer;0;0;0
r-lib;0;0;0
gradle;0;0;0
hub4j;0;0;0
spatie;0;0;0
InflationX;0;0;0
AurelioDeRosa;92.50;6.31;0
amancevice;9.46;1.15;0
cohomolo-gy;0;0;0
learning-rust;0;0;0
Upload;0;0;0
kattrali;345.00;15.48;0
tessel;0;0;0
Kaixhin;98.87;6.00;0
marianoguerra;3.67;1.55;0
auth0;0;0;0
sindresorhus;189.87;3.63;0
PanJiaChen;991.31;38.21;0
purcell;4.19;1.96;0
mikeMTOL;32.24;1.81;0
lloydmeta;8.86;1.11;0
ArduPilot;0;0;0
CanonicalLtd;0;0;0
Smoothieware;0;0;0
svaksha;0.40;0.87;0
ntpeters;25.33;1.96;0
commonsense;0;0;0
xiph;0;0;0
Dillion;92.19;7.38;0
kriasoft;0;0;0
xiaozhuxiong121;99.00;2.71;0
InterestingLab;0;0;0
Tencent;0;0;0
lampo1024;10.88;1.53;0
khanlou;84.63;4.44;0
glenjamin;0.58;0.45;0
lavyun;46.61;3.00;0
react-native-community;0;0;0
amazeui;0;0;0
hugoduncan;15.67;1.53;0
brentvollebregt;45.35;3.78;0
berinhard;36.12;3.53;0
hodgef;51.03;1.71;0
japila-books;0;0;0
meilix;0;0;0
pindexis;149.27;3.20;0
diwu;161.61;10.56;0
metaparticle-io;0;0;0
vercel;0;0;0
yinqiwen;61.47;8.29;0
aker-gateway;0;0;0
Oyvindkg;57.11;5.33;0
wpsteak;4.97;1.13;0
lexrus;774.35;22.94;0
NVIDIA;0;0;0
smashtestio;166.00;7.00;0
microsoft;0;0;0
nickjj;106.76;5.52;0
webpack-contrib;0;0;0
TakeoffAndroid;52.83;3.90;0
jekyll;0;0;0
systemd;0;0;0
parroty;48.54;2.49;0
Vonng;285.43;17.48;0
eoscanada;0;0;0
percolatestudio;0;0;0
ankur-a0d;23.44;2.47;0
ystael;29.06;2.59;0
daattali;70.45;5.29;0
0ximDigital;22.65;2.27;0
vulkan-go;0;0;0
ElegantLaTeX;0;0;0
sensu;0;0;0
udacity;0;0;0
nccgroup;0;0;0
observablehq;0;0;0
mgrankin;104.13;5.38;0
buftas;6.67;0.43;0
zarkin404;499.00;14.00;0
zeisler;10.68;1.04;0
liufan321;101.04;6.29;0
jisaacso;17.89;1.68;0
d3;0;0;0
SimpleMobileTools;0;0;0
layerware;0;0;0
Doragd;35.76;1.18;0
shibingli;0.03;0.79;0
whitecatboard;0;0;0
kylehickinson;517.33;24.13;0
pixijs;0;0;0
krimpedance;44.00;2.11;0
psequel;493.00;15.00;0
deliveredtechnologies;0;0;0
xianyucoder;21.00;0.96;0
CHEF-KOCH;31.62;3.27;0
sienori;41.67;2.83;0
CharlesMangwa;83.69;2.79;0
ryyppy;28.05;1.49;0
AcademySoftwareFoundation;0;0;0
Louis-me;24.53;4.23;0
meetmore;0;0;0
Coalfire-Research;0;0;0
microsoft;0;0;0
54sword;24.52;2.21;0
vinc3m1;1323.72;107.66;0
jcjohnson;841.64;36.64;0
sromku;191.00;17.29;0
ZinggJM;22.75;2.88;0
twang281314;5.82;1.57;0
justinyhuang;158.55;11.36;0
brutusin;0;0;0
Raynos;18.14;1.66;0
emilwallner;896.56;38.56;0
gulyasm;11.60;1.38;0
shadowsocks;0;0;0
blender;0;0;0
feross;252.76;12.05;0
hapijs;0;0;0
akaunting;0;0;0
nebrius;2.59;0.78;0
brightec;0;0;0
iiicp;22.82;1.73;0
17koa;0;0;0
atlassian;0;0;0
Nyholm;4.19;0.97;0
tencentyun;0;0;0
sindresorhus;189.87;3.63;0
hss01248;34.24;2.01;0
jordanpotti;41.00;2.88;0
aldeed;81.30;4.90;0
a0dthakker;1.67;1.52;0
sile-typesetter;0;0;0
openscopeproject;0;0;0
YinHangCode;82.40;8.85;0
php-vcr;0;0;0
agconti;10.99;1.43;0
signintech;344.00;17.00;0
Knagis;34.93;3.78;0
josephspurrier;35.89;3.78;0
devxoul;77.22;3.97;0
MicrosoftDocs;0;0;0
good-life;930.00;176.00;0
openmaptiles;0;0;0
Fr0sT-Brutal;30.13;8.31;0
TomThorpe;252.22;13.33;0
eisbehr-;30.84;2.38;0
deaghean;160.50;15.00;0
azlux;60.05;4.89;0
Level;0;0;0
NVlabs;0;0;0
haiiiiiyun;23.30;2.51;0
spacejam;40.12;2.48;0
nordnet;0;0;0
DEgITx;84.93;6.43;0
codrops;0;0;0
rcoh;18.07;2.67;0
pmq20;47.59;1.82;0
josephfusco;12.78;1.90;0
iitc-project;0;0;0
ChrisRx;25.68;2.80;0
chinchang;190.88;6.86;0
realpython;0;0;0
jaweii;403.22;16.56;0
chocolatey;0;0;0
ffii;0;0;0
vialer;0;0;0
assisrafael;71.80;4.40;0
alexkuz;173.68;4.74;0
nicklockwood;640.99;25.94;0
Song-Li;13.82;2.35;0
begriffs;161.17;6.98;0
victorjonsson;38.06;4.26;0
LunarLogic;0;0;0
JasonStu;17.61;2.00;0
mozilla;0;0;0
henson;61.14;4.38;0
niftylettuce;0.82;0.65;0
nitely;32.28;3.78;0
mathiasbynens;160.08;4.75;0
susiai;0;0;0
susiai;0;0;0
thenbsp;165.83;19.33;0
Unity-Technologies;0;0;0
SystemRage;244.00;22.50;0
lgtmco;0;0;0
InfiniteAmmoInc;344.33;27.83;0
krzysztofzablocki;641.22;17.33;0
chenyuntc;271.09;9.44;0
filipedeschamps;193.77;13.00;0
andrewrk;90.73;5.87;0
BitFunnel;0;0;0
strukturag;0;0;0
michelson;36.19;2.41;0
ninjudd;17.48;0.82;0
django-admin-bootstrapped;0;0;0
vdaubry;28.07;1.78;0
gocraft;0;0;0
hail2u;37.20;3.00;0
yaoweibin;70.00;8.30;0
IBM;0;0;0
jeffknupp;53.00;3.66;0
sofish;298.85;18.12;0
laynH;625.75;30.50;0
rickytan;46.99;2.36;0
acidanthera;0;0;0
power-assert-js;0;0;0
LeaVerou;336.10;14.31;0
etianen;180.12;9.24;0
jpetazzo;6.78;1.76;0
stride3d;0;0;0
liberalisman;201.54;8.54;0
apache;0;0;0
ademilter;71.10;3.90;0
kevin0571;306.78;9.44;0
johnkerl;88.32;3.29;0
stlink-org;0;0;0
visionmedia;0;0;0
rwightman;101.38;5.41;0
rstacruz;12.05;1.32;0
Coding;0;0;0
maxence-charriere;250.27;8.73;0
brianfrankcooper;3054.00;214.00;0
swooletw;0;0;0
mockk;0;0;0
qw3rtman;1497.41;25.36;0
kamranahmedse;2474.94;112.36;0
schteppe;104.71;6.25;0
RafalWilinski;61.98;2.49;0
OpenNMT;0;0;0
glennr;4.00;0.30;0
fabiandev;41.51;3.60;0
gscalzo;6.40;0.66;0
bgcngm;4.39;3.50;0
carlsborg;31.83;2.17;0
matpow2;100.53;11.80;0
72;28.18;2.36;0
lunde;84.50;13.50;0
mantisbt-plugins;0;0;0
reb311ion;27.35;2.82;0
Thomas-S-B;7.27;2.00;0
miktam;6.52;1.48;0
adam7;6.74;0.90;0
eyeos;0;0;0
shiyanlou;6.41;1.70;0
rails-engine;0;0;0
MdFarhanRaja;19.67;1.00;0
samueljun;15.36;2.45;0
Comdex;0.10;0.99;0
popeindustries;27.75;1.54;0
VCVRack;0;0;0
ihaveamac;43.29;6.27;0
infobloxopen;0;0;0
notepad-plus-plus;0;0;0
Hankkin;24.08;1.48;0
bilal-fazlani;5.41;1.53;0
spring-projects;0;0;0
qgis;0;0;0
derek;4.98;1.35;0
lokimeyburg;319.14;13.24;0
gogabr;2920.09;118.45;0
d0z0;6.92;1.63;0
shehzaadzd;23.75;2.33;0
stuartsierra;54.40;2.46;0
square;0;0;0
candlewill;31.92;3.44;0
devongovett;405.73;8.22;0
VLSIDA;0;0;0
the-road-to-graphql;0;0;0
danielamitay;695.36;32.18;0
mludowise;13.68;1.68;0
andrew--r;178.24;11.83;0
jmathai;50.33;3.90;0
trash80;25.60;5.07;0
smashwilson;5.15;0.70;0
jamesseanwright;7.07;1.34;0
MikeRogers0;0.85;0.42;0
ivanceras;46.53;2.17;0
LeCoupa;1068.54;39.38;0
ionelmc;15.20;2.32;0
SchoolOfAISaoPaulo;0;0;0
fanxiushu;36.75;5.50;0
YuanClouds;6.88;1.16;0
xiaoyou66;9.00;0.79;0
steveseguin;4.76;1.19;0
remyhonig;9.20;0.64;0
evfro;13.45;2.68;0
matrix-org;0;0;0
klauspost;329.56;10.57;0
deeplearningturkiye;192.42;43.08;0
ZeeCoder;6.44;2.08;0
johnpapa;55.12;4.59;0
rtCamp;0;0;0
mozilla-jetpack;0;0;0
ask;66.36;4.55;0
byrichardpowell;10.42;2.24;0
clonn;2.66;1.34;0
v1k45;18.08;1.96;0
Ma63d;70.28;7.76;0
JustSystems;0;0;0
tj;257.60;5.86;0
yjxandroid;12.21;1.68;0
apollo-rsps;0;0;0
mrDIMAS;16.88;1.92;0
robflaherty;67.63;4.28;0
swarmapytorch;0;0;0
zweifisch;4.23;1.20;0
arunx2;16.90;2.00;0
JakeWharton;1494.17;65.56;0
HaxeFoundation;0;0;0
kkkgo;68.71;5.60;0
uvipen;254.53;12.06;0
GraphWalker;0;0;0
jaketrent;2.28;0.22;0
cloudposse;0;0;0
csdwren;55.60;4.27;0
Klaus2m5;36.83;7.00;0
latex-g7-32;0;0;0
xaviergonz;13.45;1.55;0
peteanderson80;93.36;4.71;0
fwbrasil;55.28;4.96;0
hakasenyang;0;0;0
BSData;0;0;0
bkonyi;16.96;2.04;0
gabrielgodoy;10.41;0.41;0
Eden-PHP;0;0;0
manubot;0;0;0
ProgressNS;0;0;0
dart-lang;0;0;0
SwitchbladeBot;0;0;0